ID_Uzorka;Dubina_Busenja_cm;Temp_Tla_C;pH_Vrijednost;H2O_Postotak;Metan_Senzor;Organske_Molekule
1;0,9;150,0;-2,0;4,92;Pozitivno;Ne
2;0,5;-48,5;6,6;5,3;Negativno;Ne
3;8,4;-57,3;8,14;6,0;Negativno;Ne
4;1,5;-55,5;7,13;5,86;Pozitivno;Ne
5;11,4;-51,1;7,73;3,94;Negativno;Da
6;10,6;-45,4;6,92;3,36;Negativno;Ne
7;5,7;-70,3;6,98;0,38;Pozitivno;Ne
8;11,9;-47,1;6,72;2,57;Negativno;Ne
9;11,1;-47,0;7,8;4,34;Negativno;Ne
10;1,3;-44,3;7,55;2,82;Pozitivno;Ne
11;5,7;-18,5;6,97;9,535428563709143;Pozitivno;Da
12;14,5;-57,0;7,74;5,78;Negativno;Ne
13;15,0;-21,0;7,41;4,29;Negativno;Ne
14;11,9;-53,7;6,95;5,8;Negativno;Ne
15;0,4;-33,8;7,75;5,56;Negativno;Ne
16;13,8;-29,6;6,81;2,85;Negativno;Ne
17;13,2;-37,0;8,04;4,94;Negativno;Ne
18;10,4;-46,4;6,29;1,6;Negativno;Ne
19;4,9;-35,7;6,99;1,31;Negativno;Ne
20;12,5;-58,0;7,3;4,3;Negativno;Ne
21;9,4;-67,1;7,51;0,58;Negativno;Ne
22;2,9;-64,9;7,16;0,16;Negativno;Ne
23;7,4;-35,4;8,15;3,53;Negativno;Ne
24;14,7;-46,7;7,19;5,84;Negativno;Ne
25;14,4;-30,1;6,14;2,72;Negativno;Ne
26;1,4;-54,9;7,43;0,64;Pozitivno;Ne
27;12,1;-49,8;6,49;3,51;Negativno;Da
28;12,0;-74,1;7,35;0,81;Negativno;Ne
29;11,1;-55,2;6,99;0,41;Negativno;Ne
30;1,5;-42,8;6,73;5,02;Pozitivno;Ne
31;2,2;-50,5;6,48;4,82;Negativno;Ne
32;7,2;-37,6;6,04;2,63;Negativno;Ne
33;9,5;-54,8;5,97;3,37;Negativno;Ne
34;4,5;-45,0;7,16;3,92;Negativno;Ne
35;3,4;-12,0;7,29;11,215428563709143;Pozitivno;Da
36;6,8;-79,9;7,03;3,47;Negativno;Ne
37;14,7;-60,3;7,94;0,47;Pozitivno;Ne
38;9,2;-50,0;7,4;0,54;Negativno;Ne
39;0,3;-31,7;7,03;4,16;Negativno;Ne
40;2,7;-32,9;7,24;0,79;Negativno;Ne
41;3,0;-56,9;6,75;5,82;Negativno;Ne
42;6,5;-71,6;6,67;4,02;Negativno;Ne
43;1,2;-53,2;6,53;3,7;Negativno;Ne
44;2,2;-40,3;6,66;4,98;Negativno;Ne
45;13,4;-54,3;6,6;0,65;Negativno;Ne
46;3,1;-27,2;7,12;5,02;Negativno;Ne
47;7,8;-54,4;6,52;5,94;Pozitivno;Ne
48;2,4;-46,9;6,46;5,81;Negativno;Ne
49;9,0;-47,2;6,56;4,44;Pozitivno;Da
50;2,7;-56,9;6,78;4,12;Negativno;Ne
51;1,5;-61,9;7,18;2,74;Negativno;Ne
52;14,0;-45,5;7,21;4,86;Negativno;Ne
53;10,9;-46,3;6,92;2,52;Negativno;Ne
54;12,0;-34,3;6,8;3,0;Negativno;Ne
55;6,1;-61,0;6,8;5,74;Negativno;Ne
56;5,1;-37,5;7,26;5,14;Negativno;Ne
57;14,3;-55,4;7,4;0,88;Negativno;Ne
58;11,8;-42,3;6,71;4,84;Negativno;Ne
59;10,7;-36,4;7,07;1,0;Negativno;Ne
60;10,6;-57,6;7,54;2,41;Negativno;Ne
61;1,0;-36,1;6,64;2,33;Negativno;Ne
62;6,3;-58,0;7,43;0,51;Negativno;Ne
63;5,5;-36,8;7,5;4,62;Pozitivno;Da
64;6,2;-67,4;7,28;1,62;Negativno;Ne
65;2,3;-67,3;6,71;1,93;Pozitivno;Ne
66;10,1;-68,5;6,75;0,86;Negativno;Ne
67;2,3;-70,4;6,66;2,66;Negativno;Ne
68;13,0;-62,8;6,32;1,56;Negativno;Ne
69;0,6;-67,8;7,24;2,29;Negativno;Ne
70;10,0;-33,6;7,27;4,1;Negativno;Ne
71;0,8;-32,9;7,76;0,3;Negativno;Ne
72;10,8;-55,6;6,79;5,97;Negativno;Da
73;11,5;-54,7;6,89;3,09;Negativno;Ne
74;5,4;-38,0;6,9;3,89;Negativno;Ne
75;12,7;-84,3;7,51;2,69;Negativno;Ne
76;9,5;-65,9;6,42;0,18;Negativno;Ne
77;12,0;150,0;-2,0;2,08;Pozitivno;Ne
78;7,3;-60,0;7,05;5,6;Negativno;Ne
79;12,2;-65,2;7,24;3,1;Negativno;Ne
80;4,0;-13,2;7,16;3,88;Negativno;Ne
81;11,1;-57,8;7,15;4,61;Pozitivno;Ne
82;1,8;-45,4;7,46;2,77;Negativno;Ne
83;4,3;-60,0;7,71;3,48;Negativno;Ne
84;1,6;-66,0;6,03;5,72;Negativno;Ne
85;10,0;-72,2;6,66;3,6;Negativno;Ne
86;10,6;-37,8;7,99;1,22;Negativno;Ne
87;3,3;-44,5;7,32;5,56;Negativno;Ne
88;4,1;-55,3;6,77;6,0;Pozitivno;Ne
89;10,1;-45,4;6,42;5,39;Negativno;Ne
90;4,9;-66,0;6,95;1,29;Negativno;Ne
91;14,3;-25,2;6,36;5,99;Negativno;Ne
92;1,8;-35,7;7,34;2,87;Negativno;Ne
93;13,2;-39,2;6,68;3,7;Negativno;Ne
94;2,8;-60,5;6,96;4,46;Negativno;Ne
95;7,3;-66,1;6,96;0,8;Negativno;Ne
96;2,1;-63,2;7,28;3,24;Negativno;Ne
97;3,0;-49,9;7,34;4,45;Negativno;Ne
98;1,3;-49,2;6,63;4,14;Negativno;Da
99;3,8;-45,0;6,51;2,03;Negativno;Ne
100;4,0;-55,6;6,52;2,68;Negativno;Ne
101;3,4;-45,4;6,95;5,17;Negativno;Ne
102;5,4;-47,5;6,49;5,1;Negativno;Ne
103;12,0;-72,2;6,6;5,75;Negativno;Da
104;5,1;-25,1;5,74;1,72;Negativno;Ne
105;14,2;-40,0;6,95;2,87;Negativno;Ne
106;0,8;-37,1;7,25;0,8;Negativno;Ne
107;1,0;-81,4;7,16;3,48;Pozitivno;Ne
108;12,8;-47,2;7,03;2,54;Pozitivno;Ne
109;9,7;-72,1;6,35;1,0;Negativno;Ne
110;8,3;-59,4;7,23;0,1;Negativno;Ne
111;7,4;-40,5;7,1;5,62;Negativno;Ne
112;8,9;-65,0;6,08;2,26;Negativno;Ne
113;12,6;-50,7;5,67;5,03;Negativno;Ne
114;1,6;-41,2;6,76;5,7;Negativno;Ne
115;6,4;-54,0;7,44;2,02;Negativno;Ne
116;2,7;-54,4;7,68;4,31;Negativno;Ne
117;5,0;-14,8;6,79;4,73;Negativno;Ne
118;1,7;-61,9;7,16;4,14;Negativno;Ne
119;10,1;-41,9;7,11;3,44;Negativno;Ne
120;8,9;-72,7;6,71;4,36;Negativno;Ne
121;9,9;-44,4;7,48;3,54;Negativno;Ne
122;15,0;-25,6;6,28;3,1;Pozitivno;Ne
123;10,0;-62,6;6,99;4,62;Negativno;Ne
124;6,1;-39,4;7,77;0,57;Negativno;Ne
125;1,3;-23,4;7,0;3,39;Negativno;Ne
126;5,4;-46,6;7,85;1,16;Negativno;Ne
127;8,7;-57,3;7,61;2,76;Negativno;Ne
128;5,3;-32,9;6,71;4,43;Negativno;Ne
129;1,3;-49,3;6,9;0,22;Negativno;Ne
130;2,3;-73,4;7,23;3,44;Negativno;Ne
131;5,9;-72,3;7,32;1,27;Negativno;Ne
132;0,5;-57,7;7,82;5,65;Pozitivno;Ne
133;13,9;-31,6;7,36;0,92;Negativno;Ne
134;5,0;-34,5;6,57;2,44;Negativno;Ne
135;12,5;-28,4;7,17;1,84;Negativno;Ne
136;13,6;-33,1;6,17;4,42;Negativno;Ne
137;13,5;-54,7;7,3;1,5;Negativno;Ne
138;8,5;-46,2;6,78;3,44;Negativno;Ne
139;8,5;-64,1;7,52;5,39;Negativno;Ne
140;7,3;-44,0;7,77;4,42;Negativno;Ne
141;4,8;-62,5;7,43;4,38;Negativno;Ne
142;14,5;-44,5;7,09;4,57;Negativno;Ne
143;7,7;-60,1;6,55;3,4;Negativno;Ne
144;1,0;-42,0;7,16;0,48;Negativno;Ne
145;0,7;-47,6;7,35;0,93;Negativno;Ne
146;11,1;-49,8;7,32;4,52;Negativno;Ne
147;13,4;-45,1;7,23;2,64;Negativno;Ne
148;7,9;-55,4;5,74;5,85;Negativno;Ne
149;13,0;-4,6;6,17;1,91;Pozitivno;Ne
150;10,2;-24,7;6,23;5,14;Negativno;Ne
151;13,1;-55,3;7,32;5,61;Negativno;Ne
152;7,4;-50,1;7,32;4,59;Negativno;Ne
153;7,2;-62,3;7,51;2,01;Negativno;Ne
154;7,3;-53,8;7,29;0,45;Negativno;Ne
155;5,4;-41,8;6,51;4,38;Negativno;Ne
156;11,6;-63,4;6,75;2,65;Negativno;Ne
157;2,8;-53,3;7,27;2,93;Negativno;Ne
158;6,0;-42,4;6,65;1,44;Negativno;Ne
159;8,2;-45,4;6,7;5,9;Negativno;Ne
160;12,4;-43,6;7,22;0,56;Negativno;Ne
161;2,5;-47,0;7,29;0,29;Negativno;Ne
162;7,1;-57,2;7,39;0,51;Negativno;Da
163;12,9;-57,5;7,62;5,81;Negativno;Ne
164;3,5;-62,4;7,89;2,07;Negativno;Ne
165;1,2;-24,6;7,04;4,38;Negativno;Ne
166;4,1;-58,7;6,9;5,27;Negativno;Ne
167;4,3;-46,0;7,38;3,32;Negativno;Ne
168;14,8;-44,9;7,12;5,21;Negativno;Ne
169;3,4;-38,6;7,66;0,51;Negativno;Ne
170;4,9;-40,3;7,46;1,66;Negativno;Ne
171;9,9;-30,2;7,27;1,29;Negativno;Ne
172;6,7;-49,0;6,36;3,69;Negativno;Da
173;1,0;-17,7;6,69;3,66;Negativno;Ne
174;2,5;-59,4;6,97;1,82;Negativno;Ne
175;9,3;-21,8;6,63;2,48;Negativno;Ne
176;9,8;-58,4;7,25;2,45;Negativno;Da
177;1,2;-42,6;5,99;1,13;Negativno;Ne
178;12,5;-24,6;6,89;5,66;Negativno;Ne
179;3,6;-49,3;5,94;5,95;Negativno;Ne
180;12,0;-29,2;6,86;1,65;Pozitivno;Ne
181;8,8;-56,0;6,6;5,65;Negativno;Ne
182;1,6;-35,9;7,19;1,87;Negativno;Ne
183;5,4;-53,9;7,68;3,5;Negativno;Ne
184;1,4;-64,6;7,39;0,41;Pozitivno;Ne
185;7,2;-62,1;7,57;3,81;Negativno;Ne
186;5,1;-63,7;7,37;0,12;Negativno;Ne
187;11,0;-52,9;6,88;5,47;Negativno;Ne
188;7,6;-51,4;7,06;0,84;Negativno;Ne
189;4,3;-60,9;7,13;4,19;Negativno;Ne
190;14,4;-55,3;7,12;5,33;Negativno;Ne
191;6,0;-55,4;6,87;2,88;Negativno;Ne
192;10,5;-58,6;6,96;4,04;Negativno;Da
193;2,1;-70,0;7,7;1,14;Negativno;Ne
194;13,6;-41,2;6,98;0,99;Negativno;Ne
195;7,9;-49,1;6,54;2,11;Negativno;Ne
196;8,3;-58,9;7,74;1,76;Negativno;Da
197;12,9;-27,2;6,17;5,66;Negativno;Ne
198;12,1;-61,5;6,97;5,84;Negativno;Ne
199;0,4;-71,8;6,59;5,81;Negativno;Ne
200;6,0;-51,2;6,45;5,55;Negativno;Ne
201;14,8;-49,4;6,65;4,07;Negativno;Ne
202;9,3;-69,5;7,25;2,19;Negativno;Ne
203;3,3;-51,7;6,62;1,93;Negativno;Ne
204;0,8;-50,9;7,24;4,45;Negativno;Ne
205;11,9;-45,7;6,72;3,18;Negativno;Ne
206;4,0;-58,2;7,08;5,4;Negativno;Ne
207;2,3;-45,5;7,27;2,15;Negativno;Ne
208;0,4;-44,4;6,7;3,72;Negativno;Ne
209;9,0;-61,5;8,15;2,43;Negativno;Ne
210;8,0;-52,0;7,79;5,08;Negativno;Ne
211;13,2;-41,2;7,41;5,28;Negativno;Ne
212;14,6;-16,0;6,78;7,8682072393448905;Pozitivno;Da
213;0,2;-35,5;6,42;3,95;Negativno;Ne
214;2,8;-37,2;6,34;1,22;Negativno;Ne
215;10,2;-32,5;6,52;1,69;Negativno;Ne
216;6,2;-40,4;5,99;5,31;Negativno;Ne
217;13,2;-41,7;6,91;3,58;Negativno;Ne
218;5,1;-29,0;7,13;3,1;Negativno;Ne
219;7,8;-45,7;6,36;4,85;Negativno;Ne
220;6,9;-25,6;7,02;3,64;Pozitivno;Ne
221;10,3;-44,7;7,22;3,83;Negativno;Ne
222;14,7;-58,2;6,75;0,66;Negativno;Ne
223;0,2;-32,1;7,11;0,99;Negativno;Ne
224;12,4;-56,4;8,04;4,98;Negativno;Ne
225;9,1;-65,3;6,85;4,27;Negativno;Ne
226;8,4;-10,3;7,57;6,285428563709143;Pozitivno;Da
227;6,3;-54,2;6,58;4,97;Negativno;Ne
228;8,0;-46,5;7,19;3,56;Negativno;Ne
229;10,4;-16,7;7,01;3,55;Negativno;Ne
230;7,4;-73,4;7,0;2,26;Negativno;Ne
231;0,4;-50,8;8,13;3,4;Negativno;Ne
232;9,7;-55,7;7,05;1,48;Negativno;Ne
233;4,1;-66,8;7,61;2,83;Negativno;Ne
234;1,0;-50,2;7,91;4,89;Negativno;Ne
235;9,2;-39,5;6,47;4,74;Pozitivno;Ne
236;4,1;-79,3;7,34;4,76;Negativno;Ne
237;11,8;150,0;-2,0;4,3;Pozitivno;Da
238;4,5;-35,1;7,1;0,13;Negativno;Ne
239;5,6;-70,0;7,12;4,09;Negativno;Ne
240;6,4;-72,5;7,3;1,49;Negativno;Ne
241;4,8;-27,0;6,71;5,92;Pozitivno;Ne
242;13,8;-51,7;6,49;1,74;Negativno;Ne
243;12,0;-33,4;6,97;2,1;Negativno;Ne
244;6,3;-67,1;6,76;0,13;Negativno;Ne
245;13,4;-39,7;6,66;0,17;Pozitivno;Ne
246;2,0;-50,1;7,76;5,76;Negativno;Da
247;11,3;-39,6;6,78;1,84;Negativno;Da
248;10,6;-72,5;7,15;4,9;Negativno;Ne
249;13,8;-14,3;6,61;2,5;Negativno;Ne
250;9,3;-61,4;6,68;2,96;Negativno;Ne
251;13,2;-33,2;7,19;5,44;Negativno;Ne
252;11,3;-39,8;6,09;5,72;Negativno;Ne
253;7,0;-49,6;7,62;0,39;Negativno;Ne
254;8,5;-10,1;7,37;5,46;Negativno;Da
255;7,2;-50,1;6,57;5,45;Negativno;Ne
256;12,6;-45,3;7,26;5,96;Pozitivno;Ne
257;5,1;-15,7;6,73;2,9;Negativno;Ne
258;11,8;-73,5;6,88;1,37;Negativno;Ne
259;3,2;-83,9;6,48;3,7;Negativno;Ne
260;2,4;-40,9;7,33;0,11;Negativno;Ne
261;6,8;-47,4;6,72;1,06;Negativno;Ne
262;2,9;-37,3;7,01;0,19;Negativno;Ne
263;10,6;-97,1;7,78;4,53;Negativno;Ne
264;10,5;-64,5;6,47;1,33;Negativno;Ne
265;12,2;-26,0;6,93;1,95;Negativno;Ne
266;6,8;-34,1;6,63;4,38;Negativno;Ne
267;12,1;-36,7;6,69;1,46;Negativno;Ne
268;14,4;-68,9;6,95;0,51;Negativno;Ne
269;5,9;-58,5;7,21;3,49;Negativno;Da
270;5,5;-53,5;7,17;4,88;Negativno;Ne
271;2,7;-71,2;6,59;5,37;Pozitivno;Ne
272;11,2;-40,0;6,8;0,8;Negativno;Ne
273;10,0;-55,8;6,64;1,62;Pozitivno;Ne
274;14,3;-44,0;7,37;1,38;Negativno;Ne
275;3,5;-56,5;6,87;0,24;Negativno;Ne
276;11,5;-54,7;6,83;0,15;Negativno;Ne
277;5,9;-26,5;6,96;3,38;Negativno;Ne
278;12,1;-59,1;6,88;2,58;Pozitivno;Ne
279;0,5;-73,7;6,4;0,64;Negativno;Ne
280;5,2;-44,7;6,98;4,74;Negativno;Da
281;7,2;-56,0;7,81;5,6;Negativno;Ne
282;13,5;-76,3;8,18;1,76;Negativno;Ne
283;14,5;-61,0;6,65;2,57;Negativno;Da
284;0,6;-29,4;7,34;4,35;Negativno;Ne
285;7,5;-55,0;6,48;1,39;Negativno;Ne
286;11,2;-63,0;7,91;0,76;Negativno;Ne
287;12,3;-55,6;7,02;5,72;Negativno;Ne
288;2,6;-74,0;6,83;5,69;Negativno;Ne
289;5,7;-61,2;7,44;1,12;Negativno;Ne
290;9,1;-49,1;7,78;4,16;Negativno;Ne
291;2,4;-38,4;7,34;0,86;Negativno;Ne
292;4,0;-28,8;7,85;1,5;Negativno;Ne
293;9,4;-46,1;6,64;5,16;Negativno;Ne
294;1,5;-32,7;6,87;0,26;Negativno;Ne
295;10,4;-45,8;7,8;4,93;Negativno;Ne
296;14,7;-32,3;7,12;5,46;Negativno;Ne
297;3,0;-53,4;6,86;1,25;Negativno;Ne
298;5,9;-76,8;6,8;1,4;Negativno;Ne
299;1,2;-50,4;6,87;0,13;Negativno;Ne
300;7,7;-73,3;6,62;5,8;Negativno;Ne
301;14,4;-41,3;7,49;5,47;Negativno;Ne
302;6,9;-55,8;6,97;0,2;Negativno;Ne
303;4,3;-85,0;7,48;4,32;Negativno;Ne
304;3,4;-58,0;6,63;3,37;Negativno;Ne
305;0,9;-17,2;6,44;5,8682072393448905;Pozitivno;Da
306;8,4;-41,6;6,92;4,19;Negativno;Ne
307;4,7;-58,2;7,73;0,86;Negativno;Ne
308;4,9;-44,1;7,27;2,15;Negativno;Ne
309;5,9;-56,2;7,75;1,69;Negativno;Ne
310;11,8;-18,4;6,88;9,435428563709143;Pozitivno;Da
311;0,3;-90,6;6,99;1,69;Negativno;Ne
312;13,2;-65,4;7,73;2,27;Negativno;Ne
313;7,6;-43,9;6,97;5,76;Negativno;Ne
314;8,7;-44,2;6,49;0,39;Negativno;Ne
315;9,9;-33,5;7,4;3,24;Negativno;Ne
316;4,3;-33,8;7,43;5,68;Negativno;Ne
317;3,1;-51,8;6,49;2,83;Negativno;Ne
318;1,9;-17,3;6,38;5,16;Negativno;Ne
319;10,3;-56,7;7,13;1,48;Negativno;Ne
320;7,0;-29,9;6,99;0,39;Negativno;Ne
321;7,3;-44,5;5,45;4,66;Negativno;Da
322;6,0;-33,7;8,48;5,62;Negativno;Ne
323;11,0;-80,9;6,11;2,68;Negativno;Ne
324;9,9;-54,2;7,62;1,62;Negativno;Ne
325;2,6;-28,3;6,6;1,93;Negativno;Ne
326;11,7;-41,5;7,04;5,6;Negativno;Ne
327;7,1;-56,6;7,73;1,94;Negativno;Ne
328;10,8;-43,6;6,49;5,96;Negativno;Ne
329;14,2;-49,1;6,67;3,2;Pozitivno;Ne
330;8,8;-51,3;6,5;1,76;Negativno;Ne
331;2,2;-52,9;6,74;4,2;Negativno;Ne
332;6,1;-26,2;7,37;4,74;Negativno;Ne
333;7,5;-46,4;7,12;2,95;Negativno;Ne
334;7,8;-55,5;7,07;1,24;Negativno;Ne
335;8,0;-43,3;7,89;4,45;Negativno;Ne
336;2,3;-48,1;7,01;5,51;Negativno;Ne
337;7,0;-32,8;7,29;4,39;Negativno;Ne
338;7,4;-63,2;6,84;5,96;Negativno;Ne
339;4,9;150,0;-2,0;4,15;Pozitivno;Ne
340;10,0;-31,9;6,65;5,0;Negativno;Ne
341;5,2;-86,0;6,64;5,62;Pozitivno;Ne
342;7,7;-45,4;7,59;1,69;Negativno;Ne
343;4,6;-55,5;6,82;0,54;Negativno;Da
344;3,5;-30,1;7,32;3,32;Negativno;Ne
345;1,1;-64,9;6,79;5,11;Negativno;Ne
346;14,7;-47,8;7,64;4,97;Negativno;Ne
347;5,5;-50,2;6,98;2,68;Negativno;Ne
348;14,5;-28,0;6,9;1,22;Negativno;Ne
349;11,0;-9,9;6,54;2,25;Negativno;Ne
350;7,5;-63,3;7,12;4,05;Negativno;Ne
351;2,3;-43,5;7,72;0,27;Negativno;Ne
352;14,9;-24,2;6,39;2,42;Negativno;Ne
353;10,0;-66,8;7,31;0,68;Negativno;Ne
354;0,3;-51,8;7,56;2,56;Negativno;Ne
355;9,2;-64,4;6,14;0,28;Negativno;Ne
356;7,4;-54,0;7,06;0,6;Negativno;Ne
357;9,1;-30,9;6,73;1,25;Negativno;Ne
358;3,7;-43,5;6,89;3,76;Negativno;Ne
359;14,5;-28,5;7,07;2,03;Negativno;Ne
360;12,9;-61,0;7,23;1,59;Negativno;Ne
361;0,3;-82,1;6,82;3,08;Negativno;Ne
362;1,6;-30,6;7,61;3,32;Negativno;Ne
363;5,7;-78,3;7,59;3,67;Negativno;Ne
364;8,2;-37,9;6,6;0,41;Negativno;Ne
365;8,0;-63,8;6,62;1,07;Negativno;Ne
366;5,2;-50,7;6,91;4,47;Negativno;Ne
367;6,0;-67,1;7,44;0,69;Negativno;Ne
368;4,1;-55,3;6,17;5,98;Negativno;Ne
369;9,6;-53,2;8,26;4,2;Negativno;Ne
370;7,6;-53,7;6,61;3,06;Negativno;Ne
371;4,1;-61,1;7,12;3,25;Pozitivno;Ne
372;14,4;-49,3;7,92;1,26;Negativno;Ne
373;0,2;-60,4;6,73;4,0;Negativno;Ne
374;10,0;-61,8;6,99;4,91;Negativno;Ne
375;5,4;-71,6;7,05;4,61;Negativno;Ne
376;11,6;-61,0;7,1;4,7;Negativno;Ne
377;1,9;-70,8;6,47;1,34;Negativno;Ne
378;8,0;-38,3;6,57;4,4;Negativno;Ne
379;9,7;-29,4;7,56;4,29;Negativno;Da
380;7,6;-51,7;7,56;3,01;Negativno;Ne
381;0,7;-48,6;7,16;0,46;Negativno;Ne
382;11,9;-52,1;6,18;1,75;Negativno;Ne
383;2,4;-41,0;6,55;2,06;Pozitivno;Ne
384;10,3;-28,2;6,55;4,64;Negativno;Ne
385;9,8;-36,2;6,95;4,72;Negativno;Ne
386;14,1;-33,3;7,03;3,99;Negativno;Ne
387;10,6;-53,7;6,23;2,17;Negativno;Ne
388;13,5;150,0;-2,0;3,23;Pozitivno;Ne
389;9,3;-48,2;7,21;4,39;Negativno;Da
390;4,8;-49,7;6,49;1,58;Negativno;Ne
391;10,9;-53,4;7,45;4,22;Negativno;Ne
392;7,7;-30,8;7,02;2,98;Negativno;Ne
393;7,4;-45,2;7,24;3,72;Negativno;Ne
394;11,3;-38,2;7,1;0,63;Negativno;Ne
395;5,8;-55,7;7,13;2,45;Negativno;Ne
396;3,2;-52,0;6,29;5,32;Negativno;Ne
397;0,5;-55,3;6,82;5,07;Negativno;Ne
398;0,8;-53,8;7,85;2,5;Negativno;Ne
399;7,3;-37,2;7,98;2,02;Pozitivno;Ne
400;2,7;-51,0;6,28;1,53;Negativno;Da
401;12,5;-48,7;6,28;1,16;Negativno;Ne
402;13,0;-62,2;6,56;1,74;Negativno;Ne
403;14,6;-40,9;7,58;5,94;Negativno;Ne
404;11,3;-57,7;6,13;5,16;Negativno;Ne
405;1,7;-52,1;6,89;5,72;Negativno;Ne
406;13,0;-83,8;7,09;3,98;Negativno;Da
407;10,4;-28,4;6,96;2,34;Pozitivno;Ne
408;8,2;-38,8;6,66;0,41;Negativno;Ne
409;3,3;-25,7;7,53;0,46;Negativno;Ne
410;3,5;-57,2;7,45;2,99;Negativno;Ne
411;14,7;-37,6;6,37;5,4;Negativno;Ne
412;2,8;-49,5;7,68;3,17;Negativno;Ne
413;8,0;-49,8;7,26;4,73;Negativno;Ne
414;2,6;-46,4;7,73;0,33;Negativno;Ne
415;1,1;-37,0;5,98;4,54;Negativno;Ne
416;12,5;-63,0;6,54;3,32;Negativno;Da
417;7,8;-90,0;7,55;5,63;Negativno;Ne
418;4,4;-32,0;6,68;2,69;Negativno;Ne
419;8,9;-5,4;7,17;3,52;Negativno;Ne
420;12,7;-83,9;7,17;2,42;Negativno;Ne
421;14,7;-32,9;7,4;1,23;Negativno;Ne
422;11,0;-37,2;6,99;1,19;Negativno;Ne
423;8,5;-45,3;6,82;3,51;Negativno;Da
424;0,6;-69,1;8,03;0,52;Pozitivno;Ne
425;13,7;-9,5;7,58;2,42;Negativno;Ne
426;0,7;-67,3;6,33;4,99;Negativno;Ne
427;12,9;-37,8;7,41;3,88;Negativno;Ne
428;7,6;-70,6;7,93;2,88;Pozitivno;Ne
429;3,8;-73,3;7,97;4,02;Negativno;Ne
430;6,5;-67,3;6,74;0,17;Pozitivno;Ne
431;9,0;-69,8;6,09;5,93;Negativno;Ne
432;2,6;-70,4;6,15;5,2;Negativno;Ne
433;13,0;-32,8;7,98;2,45;Negativno;Da
434;9,8;-50,0;6,23;1,49;Negativno;Ne
435;15,0;-27,9;7,01;3,43;Negativno;Ne
436;10,2;-41,0;7,0;1,15;Negativno;Ne
437;14,2;-63,0;6,15;1,07;Pozitivno;Ne
438;10,7;-54,3;6,38;3,64;Negativno;Ne
439;2,4;-49,7;7,78;2,62;Pozitivno;Ne
440;8,9;-56,7;7,73;4,0;Negativno;Da
441;8,6;-39,4;6,05;1,55;Negativno;Ne
442;6,8;-32,1;7,26;5,31;Negativno;Ne
443;5,1;-53,6;7,17;2,66;Negativno;Ne
444;4,5;-38,9;7,67;0,99;Pozitivno;Da
445;13,4;-41,6;6,93;5,32;Negativno;Ne
446;5,8;-46,7;7,2;1,44;Negativno;Ne
447;11,2;-55,7;6,47;4,01;Negativno;Ne
448;2,6;-45,6;7,32;5,47;Negativno;Ne
449;7,6;-60,5;7,33;0,5;Pozitivno;Ne
450;1,4;-46,2;6,59;2,22;Negativno;Ne
451;4,1;-67,9;6,99;4,96;Negativno;Ne
452;13,8;-45,2;7,55;3,99;Negativno;Ne
453;7,1;-30,6;6,78;4,75;Negativno;Ne
454;13,8;-46,7;6,78;4,3;Negativno;Ne
455;13,0;-56,2;7,53;0,13;Negativno;Ne
456;13,4;-65,7;7,57;3,45;Negativno;Ne
457;3,9;-41,4;7,2;2,47;Negativno;Ne
458;2,6;-59,3;5,57;4,32;Negativno;Ne
459;7,5;-26,0;7,31;1,24;Pozitivno;Ne
460;8,1;-35,8;7,43;3,99;Negativno;Ne
461;1,3;-53,6;7,55;3,4;Negativno;Ne
462;0,5;-26,8;7,6;0,12;Negativno;Ne
463;8,0;-46,0;7,28;5,23;Negativno;Ne
464;10,4;-62,1;7,63;4,49;Negativno;Ne
465;0,6;-43,9;7,32;3,0;Negativno;Ne
466;13,2;-22,3;7,13;4,5;Negativno;Ne
467;14,8;-50,8;6,6;0,48;Negativno;Ne
468;14,6;-38,9;6,72;4,37;Negativno;Ne
469;4,9;-54,5;6,09;3,0;Pozitivno;Ne
470;10,4;-55,8;6,7;1,49;Negativno;Ne
471;9,0;-61,2;7,32;4,69;Negativno;Ne
472;1,2;-32,3;7,99;4,84;Negativno;Ne
473;14,0;-40,1;6,72;4,75;Negativno;Ne
474;6,9;-65,7;5,82;2,91;Negativno;Ne
475;3,3;-13,8;7,26;5,43;Negativno;Ne
476;2,5;-64,4;6,55;3,99;Negativno;Ne
477;5,1;-67,0;6,5;5,41;Negativno;Ne
478;13,1;-54,3;6,67;2,69;Negativno;Ne
479;9,0;-64,6;7,31;1,61;Negativno;Ne
480;2,6;-52,5;7,33;3,71;Negativno;Ne
481;9,5;-31,9;7,55;3,36;Negativno;Ne
482;1,5;-17,3;6,44;1,9;Negativno;Ne
483;11,5;-55,4;6,39;2,85;Pozitivno;Da
484;11,6;-18,8;7,89;8,325428563709144;Pozitivno;Da
485;9,0;-50,2;6,81;4,21;Negativno;Ne
486;1,2;-41,2;7,85;1,01;Negativno;Ne
487;7,0;-33,6;8,19;0,71;Negativno;Ne
488;3,1;-39,3;6,81;4,54;Negativno;Ne
489;10,1;-61,4;6,74;5,22;Negativno;Ne
490;9,7;-37,6;7,63;2,64;Negativno;Ne
491;4,4;-29,6;7,31;0,4;Negativno;Ne
492;10,7;-28,9;7,12;5,94;Negativno;Ne
493;8,2;-79,6;6,83;4,68;Negativno;Da
494;5,5;-64,5;6,79;5,34;Negativno;Ne
495;1,0;-38,9;7,03;0,88;Negativno;Ne
496;0,5;-49,9;6,63;1,52;Negativno;Ne
497;14,8;-41,2;6,25;1,38;Negativno;Ne
498;13,7;-56,9;7,02;3,65;Negativno;Ne
499;9,4;-40,0;7,57;4,78;Negativno;Ne
500;8,7;-27,4;7,04;0,2;Negativno;Ne
501;12,5;-55,8;7,41;4,14;Negativno;Ne
502;7,4;-77,2;8,25;0,18;Negativno;Ne
503;10,7;-69,2;7,38;2,08;Negativno;Ne
504;3,7;-49,1;7,38;5,9;Negativno;Ne
505;10,7;-50,8;6,45;1,25;Negativno;Ne
506;6,2;-54,7;7,34;4,85;Negativno;Ne
507;5,8;-62,4;7,99;4,83;Negativno;Ne
508;14,7;-55,9;7,35;5,29;Negativno;Ne
509;12,6;-46,1;6,7;2,61;Negativno;Ne
510;1,6;-64,3;7,35;5,1;Negativno;Ne
511;9,5;-54,4;7,51;4,66;Negativno;Da
512;2,1;-64,6;7,24;1,2;Negativno;Ne
513;10,9;-41,8;6,88;2,93;Negativno;Ne
514;3,9;-8,3;6,67;10,835428563709144;Pozitivno;Da
515;2,3;-44,6;7,74;0,36;Negativno;Ne
516;11,6;-48,9;5,74;0,1;Negativno;Ne
517;3,7;-21,2;7,41;0,38;Negativno;Ne
518;2,4;-70,4;6,0;0,19;Negativno;Ne
519;3,3;-65,4;7,14;4,23;Negativno;Ne
520;6,7;-63,2;7,07;1,04;Negativno;Ne
521;4,1;-54,3;6,89;1,82;Negativno;Ne
522;14,1;-47,8;7,15;4,66;Negativno;Ne
523;3,8;-36,4;6,7;4,89;Negativno;Ne
524;11,5;-35,3;6,58;5,61;Negativno;Ne
525;10,1;-38,5;7,47;4,48;Negativno;Ne
526;5,6;-18,3;7,11;2,84;Pozitivno;Ne
527;4,2;-40,4;6,92;5,88;Negativno;Ne
528;11,8;-65,1;7,54;5,52;Pozitivno;Ne
529;11,2;-52,8;6,6;4,19;Negativno;Ne
530;2,0;-62,4;6,65;1,26;Negativno;Ne
531;13,5;-57,4;7,24;4,36;Negativno;Da
532;3,0;-45,5;8,1;3,98;Negativno;Da
533;8,4;-28,1;7,31;4,01;Negativno;Ne
534;1,7;-44,1;6,78;2,06;Negativno;Ne
535;7,6;-47,8;7,93;3,45;Negativno;Ne
536;10,1;-70,3;7,41;5,63;Negativno;Ne
537;6,5;-61,2;7,13;5,64;Negativno;Ne
538;1,5;-13,9;6,49;4,0782072393448905;Pozitivno;Da
539;5,8;-66,1;5,62;3,06;Negativno;Ne
540;6,8;-57,3;7,49;0,31;Negativno;Ne
541;8,6;-49,9;6,42;3,59;Negativno;Ne
542;6,5;-56,4;7,31;5,62;Negativno;Ne
543;8,2;-58,4;7,4;5,81;Negativno;Ne
544;0,5;-35,1;6,38;5,99;Negativno;Ne
545;11,1;-84,4;6,51;0,13;Pozitivno;Ne
546;2,3;-72,6;7,86;1,18;Negativno;Ne
547;11,4;-70,3;6,82;1,09;Negativno;Ne
548;2,8;-40,5;6,8;5,62;Negativno;Ne
549;8,5;-35,1;7,86;4,59;Negativno;Ne
550;11,2;-91,9;7,48;3,22;Negativno;Ne
551;2,9;-43,3;7,74;2,84;Negativno;Ne
552;5,3;-58,0;6,67;5,7;Negativno;Ne
553;12,1;-43,1;6,89;0,12;Negativno;Da
554;14,5;-51,8;6,82;2,31;Negativno;Ne
555;9,0;-12,8;6,38;2,24;Negativno;Ne
556;3,1;-64,9;7,48;1,25;Negativno;Ne
557;3,2;-30,9;7,08;3,54;Negativno;Ne
558;11,1;-49,7;7,41;2,41;Negativno;Ne
559;4,4;-54,0;6,86;2,69;Negativno;Ne
560;13,5;-37,3;7,5;4,38;Pozitivno;Da
561;11,3;-67,3;5,77;0,81;Negativno;Ne
562;1,2;-39,4;6,4;2,18;Negativno;Ne
563;7,8;-33,1;7,69;5,34;Negativno;Ne
564;3,4;-41,9;6,68;3,07;Negativno;Ne
565;5,5;-78,7;6,97;5,47;Negativno;Ne
566;6,2;-18,0;7,8;3,51;Negativno;Ne
567;8,5;-73,6;7,9;2,13;Negativno;Ne
568;9,8;-12,5;6,92;9,785428563709143;Pozitivno;Da
569;13,8;-46,0;6,89;1,07;Negativno;Ne
570;6,2;-17,5;7,75;6,148207239344891;Pozitivno;Da
571;7,1;-75,6;7,11;3,03;Negativno;Ne
572;12,4;-62,5;6,48;5,38;Negativno;Ne
573;8,8;-38,2;6,45;2,31;Negativno;Ne
574;0,3;-60,9;5,63;5,62;Negativno;Ne
575;0,6;-72,8;7,4;3,99;Negativno;Ne
576;0,6;-54,4;7,24;3,13;Negativno;Ne
577;7,7;-49,4;6,14;4,64;Pozitivno;Da
578;14,8;-45,6;6,84;0,4;Negativno;Ne
579;5,1;-64,1;7,5;4,87;Negativno;Ne
580;2,7;-53,4;6,28;5,94;Negativno;Ne
581;14,7;-79,1;7,29;4,02;Negativno;Ne
582;2,5;-37,3;6,98;1,85;Negativno;Ne
583;6,8;-9,6;7,69;9,428207239344891;Pozitivno;Da
584;11,0;-48,4;6,4;3,31;Negativno;Ne
585;2,3;-43,1;7,82;4,33;Negativno;Ne
586;8,9;-43,2;6,58;1,93;Negativno;Ne
587;3,4;-26,5;5,57;3,18;Negativno;Ne
588;2,9;-51,9;7,18;1,62;Negativno;Ne
589;10,9;-69,0;7,43;4,85;Negativno;Ne
590;9,5;-63,6;7,39;0,19;Negativno;Ne
591;8,7;-72,1;6,74;2,59;Negativno;Ne
592;6,4;-40,6;7,22;0,39;Negativno;Ne
593;11,8;-67,2;6,62;2,05;Negativno;Ne
594;3,4;-72,1;6,65;0,56;Negativno;Ne
595;14,3;-72,8;7,02;5,72;Negativno;Ne
596;7,8;-72,1;6,6;2,82;Negativno;Ne
597;0,4;-46,4;6,23;5,06;Pozitivno;Ne
598;1,3;-41,7;6,58;3,59;Negativno;Ne
599;13,4;-66,2;7,17;4,77;Negativno;Ne
600;0,7;-42,0;6,82;5,04;Negativno;Ne
601;6,8;-44,3;7,29;3,7;Negativno;Ne
602;3,2;-55,3;6,32;1,37;Negativno;Ne
603;12,0;-55,5;7,47;1,86;Negativno;Ne
604;6,8;-47,8;6,67;5,37;Pozitivno;Da
605;9,9;-67,1;7,33;4,8;Negativno;Da
606;12,2;-63,5;7,0;5,08;Negativno;Ne
607;9,6;-53,1;7,39;1,18;Negativno;Ne
608;6,6;-46,9;7,06;5,88;Negativno;Ne
609;7,7;-39,1;6,0;2,4;Pozitivno;Ne
610;12,1;-49,0;7,27;1,33;Negativno;Da
611;12,4;-57,6;6,7;4,16;Negativno;Ne
612;2,6;-38,1;7,05;0,5;Negativno;Da
613;13,0;-47,1;6,9;1,58;Negativno;Ne
614;3,2;-57,1;7,08;2,8;Negativno;Ne
615;14,3;-40,5;6,5;4,51;Negativno;Ne
616;8,3;-46,6;6,14;5,07;Negativno;Ne
617;8,8;-40,4;7,23;1,53;Negativno;Ne
618;6,7;-52,3;7,29;0,42;Negativno;Da
619;9,9;-52,5;7,78;2,77;Negativno;Ne
620;9,6;-61,5;6,82;3,78;Negativno;Da
621;10,1;-34,7;7,38;5,61;Negativno;Ne
622;2,5;-34,2;7,46;3,11;Negativno;Ne
623;4,2;-47,6;7,54;0,42;Negativno;Ne
624;1,7;-68,2;6,8;5,89;Negativno;Ne
625;3,3;-78,9;7,07;0,12;Negativno;Ne
626;3,7;-66,0;7,34;2,03;Negativno;Ne
627;3,7;-34,2;7,53;5,23;Negativno;Ne
628;11,0;-38,1;7,05;0,45;Negativno;Ne
629;12,6;-64,3;6,47;3,4;Negativno;Ne
630;7,0;-55,1;6,59;2,54;Pozitivno;Ne
631;6,9;-17,3;6,63;9,135428563709144;Pozitivno;Da
632;11,4;-63,0;6,19;0,84;Negativno;Ne
633;5,0;-58,9;5,62;0,41;Negativno;Da
634;4,3;-62,0;8,06;3,08;Negativno;Ne
635;13,6;-56,5;6,73;4,78;Negativno;Ne
636;6,4;-64,1;6,83;1,66;Negativno;Ne
637;8,5;-29,1;7,74;5,07;Negativno;Ne
638;5,8;-54,5;6,54;5,38;Negativno;Ne
639;8,9;-57,1;7,33;5,81;Negativno;Ne
640;10,2;-45,2;5,85;1,48;Negativno;Ne
641;11,4;-27,5;6,55;1,37;Negativno;Ne
642;14,9;-41,3;7,29;5,58;Negativno;Ne
643;10,6;-49,7;6,67;5,69;Negativno;Ne
644;8,8;-38,0;6,68;4,0;Negativno;Ne
645;10,8;-47,6;7,58;1,81;Negativno;Ne
646;3,3;-60,7;7,47;3,15;Negativno;Ne
647;10,0;-64,6;7,71;5,27;Negativno;Ne
648;12,3;-49,2;6,66;2,75;Negativno;Ne
649;11,2;-49,4;6,63;3,52;Negativno;Ne
650;1,2;-54,0;6,7;2,93;Negativno;Ne
651;7,8;-51,5;7,07;4,85;Negativno;Ne
652;12,0;-11,8;7,64;5,84;Pozitivno;Ne
653;4,3;-46,4;7,21;1,01;Negativno;Ne
654;13,1;-57,5;6,48;3,54;Negativno;Ne
655;0,6;-57,0;7,42;0,28;Negativno;Ne
656;3,3;-77,3;7,43;2,84;Negativno;Ne
657;11,0;-39,4;6,51;1,57;Negativno;Da
658;10,9;-56,2;6,73;5,76;Negativno;Ne
659;5,5;-53,7;8,01;2,55;Negativno;Ne
660;1,2;-40,6;7,56;5,97;Negativno;Ne
661;0,7;-44,6;5,51;5,88;Negativno;Ne
662;6,6;-27,9;6,56;2,06;Negativno;Ne
663;3,1;-52,5;6,71;3,65;Negativno;Ne
664;6,6;-29,0;7,57;4,33;Negativno;Ne
665;13,5;-50,1;7,6;3,93;Negativno;Ne
666;13,3;-62,0;7,02;2,11;Negativno;Ne
667;13,0;-65,3;7,39;2,95;Negativno;Ne
668;9,3;-45,3;6,8;6,0;Negativno;Ne
669;11,2;-64,3;5,96;2,3;Negativno;Da
670;0,2;-88,3;7,4;3,02;Negativno;Ne
671;3,8;-47,8;5,94;4,12;Negativno;Ne
672;7,9;-50,7;7,48;5,89;Negativno;Ne
673;11,5;-16,1;7,01;4,29;Negativno;Ne
674;10,0;-51,3;7,08;2,32;Negativno;Ne
675;5,8;-20,7;6,28;3,33;Negativno;Ne
676;10,6;-30,1;7,5;1,52;Negativno;Ne
677;0,7;-63,2;7,65;0,65;Negativno;Ne
678;8,6;-70,7;7,26;5,89;Negativno;Ne
679;1,6;-27,8;6,31;1,26;Negativno;Ne
680;6,6;-47,4;6,84;5,94;Negativno;Ne
681;6,9;-34,6;7,15;1,53;Negativno;Ne
682;12,3;-39,1;6,64;2,89;Negativno;Da
683;9,1;-45,1;6,59;2,16;Negativno;Da
684;9,5;-93,4;6,99;5,63;Negativno;Da
685;4,1;-52,7;7,09;1,53;Negativno;Ne
686;1,7;-69,4;6,94;4,18;Negativno;Ne
687;3,7;-58,2;6,97;3,91;Negativno;Ne
688;3,7;-74,6;7,49;1,84;Negativno;Da
689;4,8;-46,7;7,08;3,02;Negativno;Ne
690;12,7;-78,5;7,45;3,37;Negativno;Ne
691;5,1;-50,1;6,68;5,27;Negativno;Ne
692;4,0;-44,9;7,04;0,22;Negativno;Da
693;13,6;-56,9;6,75;4,36;Negativno;Ne
694;6,5;-31,8;6,94;1,29;Negativno;Ne
695;5,9;-51,2;7,48;1,44;Negativno;Ne
696;13,8;-6,1;7,01;11,115428563709143;Pozitivno;Da
697;13,8;-41,6;7,67;4,73;Negativno;Ne
698;4,3;-46,7;7,73;1,73;Pozitivno;Ne
699;0,8;-48,2;6,82;0,38;Negativno;Ne
700;4,1;-44,2;6,36;1,94;Negativno;Ne
701;2,9;-29,7;6,53;3,4;Negativno;Ne
702;11,6;-37,5;6,98;2,18;Negativno;Ne
703;10,8;-54,4;7,64;0,86;Negativno;Ne
704;0,5;-58,0;7,36;0,83;Negativno;Ne
705;6,2;-30,3;6,56;5,38;Negativno;Ne
706;8,2;-66,4;7,76;1,72;Negativno;Ne
707;13,0;-57,7;8,0;3,67;Negativno;Ne
708;0,3;-63,0;6,7;4,88;Negativno;Ne
709;12,5;-35,7;7,42;1,5;Negativno;Ne
710;7,9;-41,7;8,25;2,79;Negativno;Ne
711;0,4;-42,0;6,93;1,37;Negativno;Ne
712;8,4;-61,1;7,26;2,76;Negativno;Ne
713;0,5;-37,9;6,7;4,72;Negativno;Ne
714;11,8;-53,2;6,61;1,12;Negativno;Ne
715;5,7;-31,1;7,31;1,63;Negativno;Ne
716;6,6;-44,8;6,86;2,32;Negativno;Ne
717;8,9;-39,1;6,69;4,96;Negativno;Ne
718;3,7;-59,9;7,31;3,2;Negativno;Ne
719;2,3;-52,7;6,63;5,49;Negativno;Ne
720;13,8;-47,6;6,48;5,69;Negativno;Ne
721;8,9;-42,1;6,96;0,77;Negativno;Ne
722;3,1;-45,9;6,91;0,2;Negativno;Ne
723;1,9;-52,6;7,15;0,7;Negativno;Ne
724;6,8;-75,2;7,29;5,68;Negativno;Ne
725;9,7;-67,3;6,76;2,02;Negativno;Ne
726;14,0;-37,7;7,63;0,8;Negativno;Ne
727;2,7;-31,8;7,44;4,79;Negativno;Ne
728;3,0;-77,4;7,01;5,52;Negativno;Ne
729;11,1;-57,9;7,22;3,07;Negativno;Ne
730;8,8;-74,3;7,36;3,63;Negativno;Ne
731;7,8;-28,1;6,77;3,39;Negativno;Ne
732;5,8;-67,2;6,49;3,29;Negativno;Ne
733;6,0;-50,9;6,33;1,14;Negativno;Ne
734;11,8;-37,2;6,09;2,9;Negativno;Ne
735;12,5;-49,3;6,9;4,71;Negativno;Ne
736;2,6;-18,0;6,73;0,4;Pozitivno;Ne
737;9,1;-61,4;7,28;5,97;Negativno;Ne
738;15,0;-84,6;6,52;3,13;Negativno;Ne
739;9,3;-28,3;7,28;5,75;Negativno;Ne
740;7,7;-41,2;6,64;2,03;Negativno;Ne
741;4,2;-45,8;7,35;3,13;Negativno;Ne
742;2,3;-42,7;7,79;3,39;Negativno;Ne
743;10,5;-66,8;7,01;0,8;Negativno;Ne
744;12,3;-51,6;7,34;2,74;Negativno;Ne
745;2,0;-44,4;6,37;2,27;Negativno;Ne
746;10,5;-44,9;7,4;1,63;Pozitivno;Ne
747;14,3;-41,1;6,71;2,77;Pozitivno;Ne
748;3,8;-33,9;7,5;0,96;Negativno;Ne
749;10,9;-53,7;7,44;5,63;Negativno;Ne
750;13,8;-54,5;7,36;4,4;Negativno;Ne
751;9,9;-58,6;6,76;5,59;Negativno;Ne
752;6,8;-38,0;6,78;5,55;Negativno;Da
753;13,3;-63,6;6,84;0,66;Negativno;Ne
754;11,9;-78,0;7,61;5,69;Negativno;Ne
755;8,9;-46,2;7,21;2,43;Negativno;Ne
756;6,7;-42,4;5,78;5,82;Negativno;Ne
757;10,6;-90,1;7,2;1,43;Negativno;Ne
758;4,2;-77,8;7,93;1,35;Negativno;Ne
759;2,8;-7,8;7,8;4,46;Negativno;Ne
760;12,4;-60,9;7,12;6,0;Negativno;Ne
761;5,2;-27,3;7,25;2,08;Negativno;Da
762;11,6;-24,6;7,62;0,2;Negativno;Ne
763;13,7;-56,3;7,0;5,5;Negativno;Da
764;2,7;-52,5;7,21;5,4;Negativno;Da
765;11,3;-41,9;7,78;2,53;Negativno;Ne
766;13,0;-44,6;7,44;2,83;Negativno;Ne
767;2,6;-61,2;5,64;2,96;Negativno;Ne
768;3,4;-59,8;6,15;2,64;Negativno;Ne
769;9,5;-37,8;7,26;2,28;Negativno;Ne
770;1,8;-42,9;7,12;0,93;Negativno;Ne
771;14,7;-52,4;6,63;0,86;Negativno;Ne
772;9,3;-52,7;7,31;3,19;Negativno;Ne
773;8,3;-66,9;6,84;4,02;Negativno;Ne
774;2,5;-23,9;6,49;0,16;Negativno;Ne
775;12,1;-37,9;7,06;2,96;Negativno;Ne
776;4,2;-63,4;7,41;2,48;Negativno;Ne
777;2,5;-40,5;6,39;5,12;Pozitivno;Ne
778;13,3;-71,4;6,8;1,97;Negativno;Ne
779;11,9;-37,6;6,93;2,25;Negativno;Ne
780;14,0;-53,6;6,37;0,46;Negativno;Ne
781;11,2;-38,3;6,47;0,57;Negativno;Ne
782;9,7;-64,8;6,65;0,16;Pozitivno;Ne
783;2,6;-80,8;7,66;3,6;Negativno;Ne
784;8,7;-31,0;7,46;4,94;Negativno;Ne
785;14,0;-59,6;7,92;1,96;Negativno;Ne
786;14,5;-89,3;6,5;4,34;Negativno;Da
787;10,1;-6,7;6,9;3,77;Negativno;Ne
788;1,7;-42,9;6,59;1,37;Negativno;Ne
789;13,4;-76,7;7,22;5,15;Negativno;Ne
790;4,3;-42,4;6,64;0,92;Negativno;Ne
791;14,6;-53,6;6,99;1,6;Negativno;Ne
792;9,1;-49,6;7,62;2,67;Pozitivno;Ne
793;3,5;-76,1;6,37;2,45;Negativno;Ne
794;7,6;-34,1;6,6;3,7;Pozitivno;Ne
795;8,8;-29,7;7,25;3,31;Negativno;Ne
796;10,5;-49,0;7,22;0,13;Pozitivno;Ne
797;10,5;-69,2;7,08;3,44;Negativno;Da
798;2,2;-32,5;7,39;3,15;Negativno;Ne
799;3,0;-65,3;6,99;2,85;Negativno;Ne
800;0,6;-45,2;7,34;2,01;Negativno;Ne
801;6,5;-20,2;8,13;0,8;Negativno;Ne
802;13,2;-56,8;7,69;2,57;Negativno;Ne
803;12,8;-37,9;7,16;5,5;Negativno;Ne
804;3,4;-33,2;7,81;2,53;Negativno;Ne
805;3,9;-66,9;6,38;4,23;Negativno;Ne
806;12,1;-48,8;7,23;1,41;Negativno;Ne
807;14,0;-55,0;6,67;4,34;Negativno;Ne
808;5,5;-51,2;6,76;3,57;Negativno;Ne
809;14,1;-39,3;6,79;1,58;Negativno;Ne
810;0,2;-44,9;6,77;4,13;Negativno;Ne
811;11,6;-57,8;6,47;0,34;Negativno;Ne
812;12,0;-31,8;7,1;1,11;Negativno;Ne
813;10,0;-62,6;6,34;2,82;Negativno;Ne
814;10,2;-26,4;7,41;4,28;Negativno;Ne
815;6,2;-68,3;6,95;0,69;Negativno;Ne
816;8,4;-21,4;6,61;1,09;Negativno;Ne
817;8,0;-45,2;6,94;5,8;Negativno;Da
818;10,0;-63,0;6,57;0,73;Negativno;Ne
819;12,9;-32,8;6,76;3,81;Negativno;Ne
820;1,7;-33,3;7,04;1,97;Negativno;Ne
821;12,7;-45,1;7,34;0,68;Negativno;Ne
822;11,3;-53,2;6,67;2,29;Negativno;Ne
823;3,0;-79,5;7,04;1,73;Negativno;Ne
824;6,3;-37,6;6,89;1,15;Negativno;Ne
825;7,8;-67,5;6,54;2,27;Negativno;Ne
826;1,2;-21,3;6,57;4,91;Negativno;Ne
827;2,5;-55,5;5,99;5,66;Negativno;Da
828;3,8;-45,0;5,96;2,01;Negativno;Da
829;11,2;-46,4;6,89;0,99;Negativno;Da
830;6,1;-56,2;7,86;0,17;Negativno;Ne
831;14,5;-12,7;7,52;6,79820723934489;Pozitivno;Da
832;1,5;-10,2;6,98;7,205428563709143;Pozitivno;Da
833;1,6;-55,5;6,69;1,21;Negativno;Ne
834;2,1;-56,2;6,38;1,66;Negativno;Ne
835;9,8;-36,1;6,99;3,01;Negativno;Ne
836;7,0;-61,2;6,86;1,11;Negativno;Ne
837;12,8;-29,1;7,95;0,44;Negativno;Ne
838;5,4;-52,7;6,24;0,51;Negativno;Ne
839;12,7;-72,8;6,1;4,9;Pozitivno;Ne
840;6,8;-53,1;7,45;0,83;Negativno;Ne
841;14,4;-40,6;6,47;2,5;Negativno;Ne
842;3,6;-72,3;6,54;5,48;Negativno;Ne
843;2,2;150,0;-2,0;0,31;Pozitivno;Ne
844;8,0;-59,5;7,64;0,22;Negativno;Ne
845;9,9;-43,6;7,79;0,51;Negativno;Ne
846;6,0;-48,1;7,35;4,66;Negativno;Ne
847;3,1;-39,5;6,45;5,58;Negativno;Ne
848;3,9;-29,6;6,43;5,53;Negativno;Ne
849;4,0;-33,9;7,02;4,88;Pozitivno;Ne
850;6,4;-41,2;7,1;3,07;Pozitivno;Ne
851;3,1;-29,1;6,79;5,97;Negativno;Ne
852;6,6;-45,0;6,9;3,92;Negativno;Ne
853;13,7;-39,8;7,78;1,17;Negativno;Ne
854;9,7;-29,4;7,56;0,12;Negativno;Ne
855;2,5;-50,1;7,79;5,86;Negativno;Ne
856;8,1;-39,2;7,02;0,58;Negativno;Ne
857;11,3;-52,0;7,44;3,37;Negativno;Ne
858;12,7;-33,7;6,6;1,54;Negativno;Ne
859;9,2;-47,1;5,37;1,77;Negativno;Ne
860;8,1;-6,9;7,33;7,285428563709143;Pozitivno;Da
861;7,5;-45,4;6,58;4,86;Negativno;Ne
862;6,0;-64,4;7,34;4,25;Negativno;Ne
863;0,6;-42,8;6,95;1,13;Pozitivno;Ne
864;10,5;-15,0;6,92;2,37;Pozitivno;Ne
865;13,1;-58,0;6,92;3,44;Negativno;Ne
866;7,0;-45,4;6,08;0,7;Negativno;Ne
867;9,8;-68,8;7,13;5,41;Negativno;Ne
868;11,1;-50,6;7,29;5,62;Negativno;Ne
869;3,8;-50,4;6,94;4,46;Negativno;Ne
870;12,7;-54,0;8,01;2,01;Negativno;Ne
871;1,3;-67,4;7,71;4,37;Negativno;Ne
872;3,1;-68,1;7,4;1,04;Negativno;Ne
873;13,4;-37,8;6,77;2,08;Negativno;Ne
874;13,9;-72,2;7,42;4,51;Negativno;Ne
875;4,2;-53,8;6,42;3,33;Pozitivno;Da
876;1,4;-68,5;7,42;0,69;Negativno;Ne
877;2,5;-31,6;7,15;0,91;Negativno;Ne
878;11,0;-49,9;7,43;3,59;Negativno;Ne
879;2,6;-70,7;6,79;1,17;Negativno;Ne
880;4,7;-61,3;6,54;2,83;Negativno;Ne
881;14,7;-72,7;7,57;3,45;Pozitivno;Ne
882;14,8;-64,3;7,33;0,33;Pozitivno;Ne
883;5,8;-46,4;6,96;1,58;Negativno;Ne
884;4,2;-0,6;7,02;1,04;Pozitivno;Da
885;11,5;-55,4;7,12;2,24;Pozitivno;Ne
886;11,0;-48,0;6,81;0,46;Negativno;Ne
887;7,8;-45,6;7,06;4,39;Negativno;Ne
888;4,7;-37,4;7,3;5,64;Negativno;Da
889;3,2;-65,5;7,1;2,24;Negativno;Ne
890;2,1;-46,5;7,49;5,5;Negativno;Ne
891;6,6;-31,1;7,12;2,86;Negativno;Ne
892;8,2;-9,7;7,72;7,485428563709144;Pozitivno;Da
893;5,8;-43,6;6,9;2,06;Negativno;Ne
894;13,3;-11,6;6,75;1,15;Negativno;Ne
895;7,8;-54,8;6,58;0,78;Negativno;Ne
896;5,2;-52,0;7,39;1,84;Negativno;Ne
897;5,8;-52,9;6,33;1,84;Pozitivno;Ne
898;6,4;-32,9;7,76;0,79;Pozitivno;Ne
899;5,9;-56,3;7,96;2,14;Negativno;Ne
900;11,1;-58,7;6,84;0,95;Negativno;Ne
901;12,6;-38,7;6,62;0,25;Negativno;Ne
902;2,4;-55,5;6,95;3,9;Negativno;Ne
903;14,1;-50,4;7,52;0,33;Negativno;Ne
904;9,3;-69,3;6,83;1,77;Negativno;Ne
905;11,3;-49,9;7,42;1,95;Negativno;Ne
906;10,2;-38,6;7,51;0,69;Negativno;Ne
907;14,5;-51,4;6,26;1,42;Negativno;Ne
908;1,6;-34,2;7,04;5,2;Negativno;Ne
909;3,4;-22,7;7,81;5,41;Negativno;Ne
910;9,2;-51,6;6,64;0,51;Negativno;Da
911;1,4;-53,2;6,54;1,98;Negativno;Ne
912;0,7;-46,8;6,16;5,27;Negativno;Ne
913;2,1;-19,8;7,17;2,91;Negativno;Ne
914;2,4;-27,9;6,64;5,05;Negativno;Ne
915;3,5;-40,6;7,28;4,84;Negativno;Ne
916;14,7;-44,9;7,74;1,12;Negativno;Ne
917;13,0;-59,0;6,85;1,4;Negativno;Ne
918;3,3;-95,4;7,19;5,7;Pozitivno;Ne
919;2,5;-27,4;6,24;1,92;Negativno;Ne
920;9,5;-47,2;6,78;4,97;Negativno;Ne
921;9,0;-31,9;8,24;4,38;Pozitivno;Ne
922;2,1;-83,7;7,2;4,18;Negativno;Ne
923;12,3;-57,9;6,82;1,49;Negativno;Ne
924;14,7;-44,4;6,6;3,05;Negativno;Ne
925;9,8;-53,3;6,28;2,38;Negativno;Ne
926;3,0;-60,1;6,8;1,64;Negativno;Ne
927;9,5;-41,3;6,02;4,38;Negativno;Ne
928;3,4;-11,2;6,77;5,68;Negativno;Ne
929;11,9;-72,6;7,12;2,46;Negativno;Ne
930;10,4;-54,6;8,22;4,44;Negativno;Ne
931;6,5;-66,1;6,04;2,31;Pozitivno;Ne
932;5,6;-50,1;6,61;3,33;Negativno;Ne
933;11,0;-71,7;6,37;4,21;Negativno;Ne
934;11,0;-59,3;6,43;4,66;Negativno;Ne
935;10,2;-41,5;7,48;0,69;Negativno;Ne
936;2,8;-50,8;6,96;5,04;Pozitivno;Ne
937;14,8;-70,6;6,88;4,22;Negativno;Ne
938;14,4;-18,9;6,5;1,35;Negativno;Ne
939;9,2;-61,8;6,68;3,61;Negativno;Ne
940;13,4;-35,7;6,18;0,2;Negativno;Da
941;5,0;-60,0;7,15;0,58;Negativno;Ne
942;12,4;-28,8;7,54;0,53;Negativno;Ne
943;13,0;-39,4;7,22;0,15;Negativno;Ne
944;8,4;-46,9;7,15;2,31;Negativno;Da
945;5,4;-39,7;7,7;0,64;Negativno;Ne
946;0,9;-38,4;7,46;0,92;Negativno;Ne
947;10,9;-47,3;7,19;3,53;Negativno;Ne
948;12,1;-59,6;7,26;1,81;Pozitivno;Ne
949;6,7;-32,4;7,29;4,33;Negativno;Ne
950;1,3;-44,4;6,14;1,3;Negativno;Ne
951;11,9;-46,5;6,43;4,45;Negativno;Ne
952;11,2;-46,1;7,79;4,05;Pozitivno;Ne
953;13,6;-51,8;7,24;1,37;Negativno;Ne
954;2,0;-34,4;6,95;5,62;Negativno;Ne
955;3,6;-38,8;6,33;3,7;Negativno;Ne
956;6,5;-72,5;7,17;5,14;Negativno;Ne
957;7,7;-72,4;7,2;3,63;Negativno;Ne
958;12,2;-28,1;7,13;3,87;Negativno;Ne
959;10,0;-50,1;7,05;4,35;Negativno;Ne
960;1,4;-78,8;7,47;2,28;Negativno;Ne
961;4,5;-51,2;6,94;1,83;Negativno;Ne
962;12,2;-41,1;7,45;2,9;Negativno;Ne
963;8,9;-47,0;6,77;2,33;Negativno;Ne
964;5,0;-19,1;7,74;1,56;Negativno;Ne
965;15,0;-80,5;7,26;4,77;Negativno;Ne
966;6,8;-65,6;6,73;1,6;Negativno;Ne
967;0,6;-36,8;7,01;5,24;Negativno;Ne
968;4,9;-43,0;7,34;5,4;Negativno;Ne
969;9,5;-40,4;6,47;2,07;Negativno;Ne
970;14,0;-61,5;6,81;3,86;Negativno;Ne
971;1,6;-72,2;7,36;1,01;Negativno;Ne
972;11,4;-39,1;7,44;5,52;Negativno;Ne
973;6,0;-27,3;7,33;0,4;Negativno;Ne
974;13,3;-32,2;6,35;1,95;Negativno;Ne
975;14,0;-57,7;6,43;2,97;Pozitivno;Ne
976;4,5;-35,2;7,69;4,09;Negativno;Ne
977;4,7;-35,0;6,81;4,14;Negativno;Ne
978;9,4;-30,6;5,8;2,54;Negativno;Ne
979;6,0;-19,7;7,23;8,30820723934489;Pozitivno;Da
980;11,7;-29,5;6,89;2,49;Negativno;Ne
981;13,2;-72,1;7,61;4,71;Negativno;Ne
982;14,3;-48,0;6,03;4,99;Negativno;Ne
983;5,2;-76,1;7,35;2,72;Negativno;Ne
984;12,7;-36,1;7,64;5,64;Negativno;Ne
985;9,2;-64,9;6,3;0,44;Negativno;Ne
986;7,6;-34,4;7,27;0,42;Negativno;Ne
987;4,9;-50,8;7,06;2,24;Negativno;Ne
988;4,8;-37,9;7,19;4,53;Negativno;Ne
989;11,8;-48,8;7,64;3,41;Negativno;Ne
990;9,4;-55,5;7,11;0,93;Negativno;Ne
991;5,5;-27,7;6,88;2,97;Negativno;Da
992;9,5;-48,0;7,58;5,87;Negativno;Ne
993;6,3;-30,3;7,11;3,16;Negativno;Ne
994;7,4;-49,4;7,94;2,59;Negativno;Ne
995;9,0;-55,3;6,22;1,59;Negativno;Ne
996;0,5;-45,3;7,33;3,04;Negativno;Ne
997;2,8;-50,2;6,84;4,58;Negativno;Ne
998;9,4;-59,5;6,85;5,05;Negativno;Ne
999;5,5;-42,6;7,27;2,01;Negativno;Ne
1000;0,6;-61,4;7,58;2,14;Negativno;Ne
1001;1,8;-70,6;7,31;2,05;Negativno;Ne
1002;10,2;-43,3;8,29;5,96;Negativno;Ne
1003;2,5;-80,8;7,25;3,62;Pozitivno;Ne
1004;9,0;-39,5;6,57;4,47;Negativno;Ne
1005;7,8;-50,8;7,03;3,29;Negativno;Ne
1006;13,0;-30,1;6,94;2,03;Negativno;Ne
1007;5,1;-43,0;7,05;2,68;Negativno;Da
1008;5,5;-42,3;7,51;3,29;Negativno;Ne
1009;7,1;-43,1;7,48;2,4;Negativno;Da
1010;3,0;-43,8;6,94;5,23;Negativno;Ne
1011;1,7;-51,6;7,31;4,06;Negativno;Ne
1012;8,9;-46,3;7,13;2,23;Negativno;Ne
1013;2,5;-80,7;6,73;1,68;Negativno;Ne
1014;11,2;-65,7;7,06;2,24;Negativno;Ne
1015;7,4;-28,7;7,12;4,13;Negativno;Ne
1016;9,6;-60,2;6,37;4,48;Negativno;Ne
1017;12,6;-51,1;7,15;5,38;Negativno;Ne
1018;9,0;-60,4;6,79;1,41;Negativno;Da
1019;12,5;-43,4;6,93;1,82;Negativno;Ne
1020;3,7;-34,3;6,11;3,53;Negativno;Da
1021;15,0;-74,3;6,76;2,82;Negativno;Ne
1022;11,1;-67,1;7,21;2,22;Negativno;Ne
1023;1,1;-39,2;7,37;4,18;Negativno;Ne
1024;4,0;-46,5;6,85;5,56;Negativno;Ne
1025;13,9;-46,8;6,81;2,44;Negativno;Ne
1026;6,0;-55,4;7,33;1,66;Negativno;Ne
1027;12,7;-51,6;7,68;4,88;Negativno;Ne
1028;7,6;-48,4;7,91;0,48;Negativno;Ne
1029;10,3;-42,1;7,69;4,5;Negativno;Ne
1030;5,0;-48,4;7,23;3,7;Negativno;Ne
1031;4,8;-49,0;6,36;4,45;Negativno;Ne
1032;0,9;-61,5;6,37;2,57;Negativno;Ne
1033;5,8;-56,5;6,16;1,97;Negativno;Ne
1034;11,9;-28,6;6,23;3,62;Pozitivno;Ne
1035;5,1;-50,1;7,67;2,27;Negativno;Ne
1036;10,7;-30,7;7,75;3,67;Negativno;Ne
1037;11,6;-74,4;7,52;5,15;Negativno;Ne
1038;5,2;-13,1;7,06;5,53;Negativno;Ne
1039;13,4;-50,9;6,48;1,24;Negativno;Ne
1040;7,1;-43,0;6,27;3,6;Negativno;Ne
1041;15,0;-70,0;7,39;0,25;Negativno;Ne
1042;3,0;-44,7;7,14;2,08;Negativno;Ne
1043;6,2;-50,1;7,3;1,93;Negativno;Ne
1044;14,0;-43,7;7,06;2,13;Negativno;Ne
1045;5,6;-54,6;6,6;3,89;Pozitivno;Da
1046;5,8;-61,6;7,53;4,2;Negativno;Ne
1047;14,8;-25,7;7,26;2,46;Negativno;Ne
1048;7,3;-58,2;6,81;5,9;Negativno;Ne
1049;12,9;-45,3;7,23;0,75;Negativno;Ne
1050;1,8;-40,2;8,03;3,43;Negativno;Ne
1051;3,3;-67,0;8,3;3,22;Negativno;Ne
1052;1,6;-29,6;7,26;3,99;Negativno;Ne
1053;12,8;-66,7;6,85;2,36;Negativno;Ne
1054;6,4;-64,4;7,21;1,45;Negativno;Ne
1055;10,7;-38,3;6,86;1,41;Negativno;Ne
1056;12,9;-53,5;6,97;0,58;Negativno;Ne
1057;2,3;-33,4;7,06;4,96;Negativno;Ne
1058;8,4;-33,5;7,03;1,13;Negativno;Ne
1059;14,4;-67,4;6,93;0,9;Negativno;Ne
1060;11,1;-61,5;6,83;5,61;Negativno;Ne
1061;8,2;-58,3;7,58;2,61;Negativno;Ne
1062;14,2;-50,5;6,03;0,91;Negativno;Ne
1063;9,1;-36,8;7,04;1,08;Negativno;Ne
1064;1,5;-48,7;6,3;1,79;Negativno;Ne
1065;6,2;-53,7;7,83;2,49;Pozitivno;Ne
1066;3,7;-47,4;7,7;2,88;Pozitivno;Ne
1067;14,8;-22,9;5,88;0,34;Negativno;Ne
1068;11,9;-56,8;7,49;4,53;Negativno;Ne
1069;1,3;-57,9;5,98;1,46;Negativno;Ne
1070;3,8;-38,8;7,15;2,67;Negativno;Ne
1071;12,4;-71,9;7,12;1,35;Negativno;Ne
1072;11,2;-46,7;6,64;4,19;Negativno;Ne
1073;14,3;-56,4;7,15;2,42;Pozitivno;Ne
1074;2,1;-36,3;6,91;4,7;Negativno;Ne
1075;8,4;-42,0;7,35;0,84;Negativno;Ne
1076;0,4;-56,5;6,34;1,44;Negativno;Ne
1077;3,0;-69,3;7,23;2,69;Negativno;Ne
1078;8,3;-44,1;7,16;0,21;Pozitivno;Ne
1079;8,5;-51,9;6,6;1,84;Negativno;Ne
1080;4,3;-45,3;7,05;0,7;Negativno;Ne
1081;14,8;-48,2;7,38;5,29;Negativno;Ne
1082;0,3;-42,5;6,51;3,38;Negativno;Ne
1083;3,4;-82,0;6,78;4,3;Negativno;Ne
1084;2,4;-48,6;7,09;2,29;Negativno;Ne
1085;10,3;-62,7;7,27;2,09;Pozitivno;Ne
1086;7,3;-62,3;6,61;2,37;Negativno;Ne
1087;4,8;-35,8;6,45;2,19;Negativno;Ne
1088;14,4;-45,6;7,07;1,22;Negativno;Ne
1089;13,5;-35,0;6,64;4,84;Negativno;Ne
1090;3,1;-61,2;6,99;4,65;Negativno;Ne
1091;11,5;-62,7;7,41;4,24;Negativno;Ne
1092;5,3;-41,3;7,08;0,16;Negativno;Ne
1093;9,2;-45,8;6,84;2,76;Negativno;Ne
1094;5,0;-58,3;7,17;0,76;Negativno;Ne
1095;13,5;-53,6;8,13;4,06;Negativno;Ne
1096;5,4;-60,2;6,88;5,71;Pozitivno;Ne
1097;4,2;-23,1;7,81;1,81;Negativno;Ne
1098;9,6;-52,3;7,83;1,34;Negativno;Ne
1099;13,0;-40,0;7,97;2,32;Negativno;Ne
1100;11,6;-54,1;6,12;3,04;Negativno;Ne
1101;3,9;-27,7;6,95;4,26;Negativno;Ne
1102;5,0;-29,0;7,95;5,63;Negativno;Ne
1103;4,2;-71,8;7,13;3,3;Negativno;Ne
1104;13,2;-48,0;6,65;0,33;Negativno;Ne
1105;4,4;-33,9;7,01;0,51;Negativno;Da
1106;14,6;-56,1;7,36;4,75;Negativno;Ne
1107;14,5;-62,3;7,64;0,87;Negativno;Ne
1108;2,3;-66,0;7,25;2,26;Negativno;Ne
1109;8,7;-46,7;6,73;2,32;Negativno;Ne
1110;7,5;-41,2;6,86;2,64;Negativno;Ne
1111;9,0;-60,3;6,81;5,46;Negativno;Ne
1112;5,2;-66,6;6,73;4,31;Negativno;Ne
1113;1,0;-67,5;6,44;5,66;Negativno;Ne
1114;13,5;-48,6;6,7;0,79;Negativno;Ne
1115;13,4;-82,5;7,43;2,96;Negativno;Ne
1116;8,1;-27,0;7,09;2,98;Negativno;Ne
1117;5,2;-63,9;7,1;1,67;Negativno;Ne
1118;3,6;-60,5;7,34;1,88;Negativno;Ne
1119;14,8;-50,8;6,88;5,17;Negativno;Ne
1120;6,2;-64,9;7,17;3,98;Negativno;Ne
1121;8,4;-41,1;7,41;0,98;Negativno;Ne
1122;12,2;-52,6;6,92;4,6;Negativno;Ne
1123;1,2;-59,1;6,93;4,56;Negativno;Ne
1124;2,7;-34,5;7,28;0,43;Negativno;Ne
1125;1,0;-34,3;6,87;3,61;Negativno;Ne
1126;14,6;-38,8;7,22;2,83;Negativno;Ne
1127;3,0;-38,8;7,38;0,71;Negativno;Ne
1128;8,7;-50,4;6,79;2,46;Negativno;Ne
1129;2,1;-47,1;6,35;5,71;Negativno;Ne
1130;1,0;-40,3;6,76;0,47;Negativno;Ne
1131;11,7;-48,8;6,92;2,84;Negativno;Ne
1132;9,4;-29,8;7,39;1,76;Negativno;Ne
1133;9,6;-41,1;6,85;4,84;Negativno;Ne
1134;9,5;-29,7;7,53;1,77;Pozitivno;Ne
1135;4,0;-29,2;6,68;5,62;Negativno;Ne
1136;6,1;-57,3;6,44;3,5;Negativno;Da
1137;8,5;-51,2;7,1;0,84;Negativno;Ne
1138;9,4;-59,3;5,9;3,75;Negativno;Ne
1139;8,0;-76,4;7,53;3,6;Negativno;Ne
1140;8,9;-67,8;7,68;0,31;Negativno;Ne
1141;9,9;-50,7;7,55;0,2;Negativno;Ne
1142;14,9;-53,1;6,82;1,12;Negativno;Ne
1143;0,8;-67,0;6,42;3,98;Negativno;Ne
1144;6,5;-22,8;7,32;1,15;Negativno;Ne
1145;10,1;-54,4;7,02;4,53;Negativno;Ne
1146;4,4;-41,1;6,49;0,79;Negativno;Ne
1147;2,5;-63,9;6,8;0,68;Negativno;Ne
1148;11,1;-55,6;6,41;0,89;Negativno;Ne
1149;14,8;-67,6;7,38;3,19;Pozitivno;Ne
1150;9,1;-55,3;7,03;5,3;Negativno;Ne
1151;14,5;-55,0;6,62;1,06;Negativno;Ne
1152;12,0;-36,8;6,7;4,46;Negativno;Ne
1153;7,2;-36,7;6,97;5,31;Negativno;Ne
1154;8,6;-59,9;7,01;2,81;Negativno;Ne
1155;2,4;-54,0;7,81;1,5;Negativno;Ne
1156;11,1;-14,9;6,87;5,73;Negativno;Ne
1157;4,2;-28,8;6,27;2,26;Negativno;Ne
1158;1,9;-49,6;6,99;2,65;Negativno;Ne
1159;5,0;-54,6;7,44;5,5;Negativno;Ne
1160;0,7;-55,6;7,77;0,99;Negativno;Ne
1161;6,1;-39,2;7,01;4,08;Negativno;Ne
1162;6,4;-49,1;6,25;2,45;Negativno;Ne
1163;9,4;-53,0;7,3;5,42;Negativno;Ne
1164;9,7;-44,0;6,87;0,78;Negativno;Da
1165;8,0;-60,7;7,38;0,48;Negativno;Ne
1166;11,4;-45,2;7,74;0,15;Negativno;Ne
1167;11,3;-45,2;7,15;3,69;Negativno;Ne
1168;4,6;-28,0;7,23;2,86;Negativno;Ne
1169;10,9;-69,7;7,07;4,53;Negativno;Ne
1170;1,7;-69,7;6,43;0,23;Negativno;Ne
1171;6,5;-52,5;7,23;1,45;Negativno;Ne
1172;7,7;-41,5;8,41;4,33;Negativno;Ne
1173;13,5;-25,5;6,81;0,26;Negativno;Ne
1174;12,5;-62,8;6,94;1,99;Negativno;Da
1175;6,9;-63,7;7,45;3,85;Negativno;Ne
1176;6,1;-35,5;7,64;3,18;Negativno;Ne
1177;6,9;-31,3;6,82;3,04;Negativno;Ne
1178;12,7;-52,7;6,81;5,45;Pozitivno;Ne
1179;3,1;-64,5;7,4;2,58;Negativno;Ne
1180;12,0;-63,9;6,73;1,65;Pozitivno;Ne
1181;13,1;-64,1;6,96;4,37;Negativno;Ne
1182;10,0;-45,4;7,33;5,87;Negativno;Ne
1183;14,2;-56,9;6,71;2,34;Negativno;Ne
1184;9,8;-48,9;7,09;3,61;Negativno;Ne
1185;1,9;-69,5;7,32;0,21;Negativno;Ne
1186;6,5;-74,5;7,63;3,46;Negativno;Ne
1187;10,0;-24,8;6,89;5,49;Negativno;Ne
1188;12,0;-73,6;6,29;5,74;Negativno;Ne
1189;2,7;-14,4;7,04;8,895428563709142;Pozitivno;Da
1190;8,6;-53,1;6,7;4,31;Negativno;Ne
1191;5,4;-88,4;6,66;3,16;Pozitivno;Ne
1192;10,6;-60,0;7,65;1,86;Negativno;Ne
1193;12,9;-55,5;6,06;5,44;Negativno;Ne
1194;9,2;-47,0;6,93;0,37;Negativno;Ne
1195;5,3;-55,9;6,46;1,24;Negativno;Da
1196;5,3;-42,2;6,05;1,43;Negativno;Ne
1197;14,7;-50,9;6,3;3,55;Negativno;Ne
1198;7,6;-43,3;7,34;4,54;Negativno;Ne
1199;6,4;-54,8;6,9;2,55;Negativno;Ne
1200;11,5;-47,7;6,8;2,82;Negativno;Ne
1201;1,2;-57,4;8,41;3,59;Pozitivno;Ne
1202;3,3;-30,8;7,37;3,32;Negativno;Ne
1203;9,2;-59,8;7,05;1,76;Negativno;Ne
1204;6,2;-63,8;7,23;5,03;Negativno;Ne
1205;0,7;-81,8;7,02;5,71;Negativno;Ne
1206;4,9;-7,5;6,1;5,438207239344891;Pozitivno;Da
1207;1,4;-31,1;6,78;2,01;Negativno;Ne
1208;1,4;-68,0;7,52;4,19;Pozitivno;Ne
1209;2,8;-61,4;6,76;4,84;Negativno;Ne
1210;3,1;-37,1;6,59;4,58;Pozitivno;Ne
1211;14,3;-40,6;6,45;1,32;Pozitivno;Ne
1212;4,7;-70,9;6,33;5,08;Negativno;Ne
1213;3,9;-51,5;7,24;0,2;Negativno;Ne
1214;1,6;-40,5;6,47;0,75;Negativno;Ne
1215;0,3;-49,3;6,34;1,88;Negativno;Ne
1216;5,2;-46,1;6,56;2,18;Pozitivno;Ne
1217;14,6;-29,3;6,91;4,91;Negativno;Ne
1218;8,5;-72,0;6,34;0,61;Negativno;Ne
1219;4,6;-27,7;5,26;1,76;Negativno;Ne
1220;6,2;-59,3;6,06;5,25;Negativno;Ne
1221;0,5;-45,1;6,99;1,4;Negativno;Ne
1222;14,0;-50,3;6,41;1,14;Negativno;Ne
1223;6,1;-53,1;6,47;5,45;Negativno;Ne
1224;11,7;-35,4;6,48;0,3;Negativno;Ne
1225;11,3;-31,6;6,72;5,79;Negativno;Ne
1226;11,0;-48,5;7,07;2,87;Negativno;Ne
1227;4,4;-58,5;6,51;5,95;Negativno;Ne
1228;2,3;-57,5;6,97;2,88;Negativno;Ne
1229;3,5;-36,9;7,01;3,88;Negativno;Ne
1230;4,6;-50,0;7,68;0,11;Negativno;Ne
1231;2,9;-68,6;6,31;5,89;Negativno;Ne
1232;12,9;-59,1;6,55;3,16;Negativno;Ne
1233;11,3;-44,1;6,86;5,72;Negativno;Ne
1234;3,4;-43,0;6,81;1,85;Negativno;Ne
1235;3,0;-46,9;7,03;2,87;Negativno;Ne
1236;7,2;-37,4;7,42;1,33;Negativno;Ne
1237;10,6;-41,5;7,85;2,2;Negativno;Ne
1238;2,3;-39,2;6,66;1,22;Negativno;Ne
1239;10,9;-33,1;7,06;4,04;Negativno;Ne
1240;6,1;-37,3;7,02;5,62;Negativno;Ne
1241;10,1;-30,8;7,18;1,25;Negativno;Ne
1242;12,2;-26,6;6,98;0,89;Negativno;Ne
1243;3,4;-40,9;6,94;4,68;Negativno;Ne
1244;0,2;-37,1;6,71;4,89;Negativno;Ne
1245;8,9;-36,7;7,62;3,44;Pozitivno;Ne
1246;9,1;-35,4;6,71;4,1;Negativno;Ne
1247;13,5;-51,1;7,24;2,12;Pozitivno;Ne
1248;4,4;-72,3;6,48;1,7;Negativno;Ne
1249;4,6;-57,6;7,67;1,12;Negativno;Ne
1250;11,1;-60,7;7,25;1,96;Negativno;Ne
1251;0,4;-56,8;7,61;2,37;Negativno;Ne
1252;2,8;-46,6;6,35;1,98;Negativno;Ne
1253;2,4;-51,0;6,22;0,85;Pozitivno;Ne
1254;4,1;-34,5;7,53;0,29;Negativno;Ne
1255;4,7;-36,7;6,94;3,95;Negativno;Ne
1256;4,4;-46,9;6,91;2,27;Negativno;Ne
1257;5,4;-39,4;6,72;5,4;Negativno;Ne
1258;5,3;-59,3;6,6;4,57;Negativno;Ne
1259;11,1;-14,4;7,01;3,75;Negativno;Ne
1260;0,1;-48,6;7,56;3,64;Negativno;Ne
1261;2,0;-68,4;6,68;2,47;Negativno;Ne
1262;5,3;-61,6;6,81;2,77;Negativno;Ne
1263;9,6;-45,1;7,49;1,76;Negativno;Ne
1264;1,3;-44,6;7,2;3,01;Negativno;Ne
1265;8,0;-13,7;6,29;3,21;Negativno;Ne
1266;13,6;-39,0;7,72;0,79;Negativno;Ne
1267;10,8;-44,7;7,06;4,01;Negativno;Ne
1268;4,3;-50,1;6,28;2,9;Negativno;Ne
1269;11,3;-51,6;6,75;1,74;Negativno;Ne
1270;14,7;-43,0;7,03;0,99;Negativno;Ne
1271;9,1;-40,7;7,19;2,42;Negativno;Ne
1272;7,0;-52,7;7,45;3,69;Negativno;Ne
1273;3,1;-73,7;6,49;2,78;Negativno;Ne
1274;13,6;-38,8;6,08;3,68;Negativno;Ne
1275;10,0;-35,1;6,25;5,44;Negativno;Ne
1276;5,2;-62,7;6,97;3,16;Negativno;Ne
1277;2,8;-51,1;6,91;5,38;Negativno;Ne
1278;4,2;-49,7;7,06;3,08;Negativno;Ne
1279;0,9;-33,3;5,16;1,66;Negativno;Ne
1280;9,9;-49,4;7,54;2,79;Negativno;Ne
1281;0,1;-40,6;6,48;1,97;Negativno;Ne
1282;2,4;-19,7;7,36;9,20820723934489;Pozitivno;Da
1283;14,1;-43,2;6,86;4,67;Negativno;Ne
1284;6,2;-61,5;6,81;2,48;Negativno;Ne
1285;9,5;-52,0;7,3;5,35;Negativno;Ne
1286;14,6;-49,7;7,19;2,28;Negativno;Ne
1287;3,9;-54,0;6,51;3,39;Negativno;Ne
1288;10,0;-15,0;6,72;7,512795125706411;Pozitivno;Da
1289;3,3;-79,5;7,57;3,91;Negativno;Ne
1290;5,0;-42,1;6,8;0,28;Negativno;Ne
1291;14,0;-60,8;7,03;2,24;Negativno;Ne
1292;8,2;-47,1;7,24;5,04;Negativno;Ne
1293;4,2;-35,0;6,31;3,95;Negativno;Ne
1294;2,0;-41,7;7,78;2,93;Negativno;Ne
1295;3,8;-66,3;6,24;5,01;Negativno;Ne
1296;8,1;-82,9;7,48;3,53;Negativno;Ne
1297;9,8;-61,0;6,9;4,11;Negativno;Da
1298;10,6;-43,4;6,57;5,23;Negativno;Ne
1299;7,1;-73,5;6,89;2,49;Negativno;Ne
1300;8,4;-55,4;6,98;3,69;Negativno;Ne
1301;3,1;-67,8;7,03;3,45;Negativno;Ne
1302;11,5;-39,4;6,41;3,93;Negativno;Ne
1303;9,6;-42,4;6,94;2,56;Negativno;Ne
1304;4,3;-41,7;8,41;4,46;Negativno;Ne
1305;11,7;-58,8;6,59;0,11;Negativno;Ne
1306;4,0;-64,2;7,14;3,58;Negativno;Ne
1307;11,8;-36,1;8,33;3,2;Negativno;Ne
1308;10,2;-9,5;7,14;5,278207239344891;Pozitivno;Da
1309;13,9;-40,7;7,55;5,4;Negativno;Ne
1310;2,1;-51,7;7,55;2,23;Negativno;Ne
1311;3,8;-32,6;7,77;5,66;Negativno;Ne
1312;9,8;-50,7;6,62;5,77;Negativno;Ne
1313;6,1;-66,7;7,22;5,29;Negativno;Ne
1314;12,4;-48,2;5,92;1,86;Pozitivno;Ne
1315;7,4;-35,5;6,45;4,64;Negativno;Ne
1316;5,4;-43,7;6,61;3,66;Negativno;Ne
1317;3,5;-41,1;7,27;3,38;Negativno;Ne
1318;2,7;-66,1;6,6;2,33;Negativno;Ne
1319;1,5;-47,3;6,34;2,47;Negativno;Ne
1320;13,1;-60,3;6,55;4,22;Negativno;Ne
1321;5,5;-54,6;6,78;5,64;Negativno;Ne
1322;3,9;-48,2;7,12;2,96;Negativno;Ne
1323;2,3;-37,2;6,93;2,48;Negativno;Ne
1324;13,1;-41,1;7,44;3,31;Negativno;Ne
1325;5,0;-51,2;6,49;5,13;Negativno;Ne
1326;10,2;-43,0;6,22;3,13;Negativno;Ne
1327;11,3;-35,3;6,78;1,46;Negativno;Ne
1328;14,4;-45,1;7,18;5,61;Negativno;Ne
1329;0,2;-41,9;6,81;2,74;Negativno;Ne
1330;12,6;-45,5;6,11;2,24;Negativno;Ne
1331;2,4;-81,8;7,23;2,98;Negativno;Ne
1332;0,8;-12,6;8,17;5,625428563709144;Pozitivno;Da
1333;11,0;-35,6;7,37;3,74;Negativno;Ne
1334;1,4;-46,3;7,74;5,75;Negativno;Ne
1335;5,0;-41,1;5,74;2,45;Negativno;Ne
1336;14,3;-53,4;6,67;2,33;Negativno;Ne
1337;13,9;-30,4;7,17;1,16;Negativno;Ne
1338;10,7;-44,3;6,51;3,48;Negativno;Ne
1339;2,8;-31,4;7,29;1,04;Negativno;Ne
1340;4,7;-35,3;7,46;0,58;Negativno;Ne
1341;6,8;-51,5;6,92;3,22;Negativno;Ne
1342;11,6;-46,7;6,84;2,27;Negativno;Ne
1343;9,3;-66,4;7,8;3,43;Pozitivno;Ne
1344;13,6;-43,1;6,34;5,36;Negativno;Ne
1345;8,0;-61,1;7,27;4,11;Negativno;Ne
1346;11,0;-41,6;7,72;3,03;Negativno;Ne
1347;7,8;-48,8;6,78;5,56;Negativno;Ne
1348;11,1;-32,8;6,96;2,95;Negativno;Ne
1349;9,3;-41,5;6,71;3,87;Negativno;Ne
1350;0,7;-61,7;7,41;5,1;Negativno;Ne
1351;5,5;-38,3;6,48;2,95;Negativno;Da
1352;11,2;-59,2;7,16;0,42;Negativno;Ne
1353;4,5;-74,7;6,86;1,49;Negativno;Ne
1354;14,2;-62,4;6,49;4,75;Negativno;Ne
1355;9,2;-67,5;6,76;0,51;Negativno;Ne
1356;13,6;-25,0;6,5;1,86;Pozitivno;Da
1357;10,6;-25,7;6,73;0,84;Negativno;Ne
1358;13,7;-33,7;6,97;4,16;Negativno;Ne
1359;13,3;-42,1;7,54;0,34;Negativno;Ne
1360;2,5;-40,0;6,55;5,94;Negativno;Ne
1361;7,8;-78,3;6,65;4,44;Negativno;Ne
1362;11,0;-38,2;7,25;1,99;Negativno;Ne
1363;2,8;-61,6;7,68;0,27;Negativno;Ne
1364;2,7;-15,4;6,81;9,955428563709145;Pozitivno;Da
1365;14,3;-75,2;6,65;4,63;Negativno;Ne
1366;3,3;-32,2;6,47;4,19;Negativno;Ne
1367;1,9;-41,0;7,15;3,18;Negativno;Ne
1368;13,5;-26,3;6,97;0,75;Negativno;Ne
1369;10,3;-47,7;6,4;0,73;Negativno;Ne
1370;3,0;-56,0;7,31;0,8;Negativno;Ne
1371;12,5;-24,6;6,82;4,29;Negativno;Ne
1372;6,1;-67,1;7,15;4,49;Negativno;Ne
1373;12,2;-31,2;5,83;4,39;Pozitivno;Ne
1374;7,3;-52,6;7,18;3,03;Negativno;Ne
1375;1,8;-63,0;6,73;2,25;Negativno;Ne
1376;2,4;-32,1;6,94;1,08;Pozitivno;Ne
1377;5,7;-48,4;6,75;0,29;Negativno;Ne
1378;7,7;-54,9;7,08;5,1;Negativno;Ne
1379;5,5;-17,7;6,82;8,77820723934489;Pozitivno;Da
1380;6,9;-66,9;7,87;1,92;Negativno;Ne
1381;1,3;-51,5;7,79;3,47;Negativno;Ne
1382;6,0;-42,6;6,98;2,79;Negativno;Ne
1383;12,2;-41,1;7,08;3,37;Negativno;Ne
1384;11,0;-71,4;7,89;3,47;Negativno;Ne
1385;10,2;-72,1;7,81;1,83;Pozitivno;Ne
1386;10,5;-63,6;6,8;3,03;Negativno;Ne
1387;12,7;-68,6;6,67;3,46;Negativno;Ne
1388;3,7;-53,8;6,51;0,8;Negativno;Ne
1389;6,0;-46,1;6,85;0,88;Negativno;Ne
1390;4,0;-31,9;7,42;5,47;Negativno;Ne
1391;6,4;-61,2;7,14;5,36;Negativno;Ne
1392;3,9;-48,2;6,76;1,79;Negativno;Ne
1393;12,9;-56,5;7,01;0,47;Negativno;Ne
1394;11,2;-35,8;7,86;1,13;Negativno;Ne
1395;4,7;-40,6;6,77;3,21;Pozitivno;Ne
1396;0,8;-62,4;7,43;5,01;Negativno;Ne
1397;0,3;-42,3;7,14;4,57;Negativno;Ne
1398;2,6;-45,1;7,32;4,77;Negativno;Ne
1399;9,4;-63,8;6,71;5,27;Negativno;Ne
1400;7,8;-42,1;7,15;5,76;Negativno;Ne
1401;1,0;-34,5;7,83;2,4;Negativno;Ne
1402;6,8;-37,6;6,09;2,7;Negativno;Ne
1403;11,7;-64,4;7,41;0,73;Negativno;Ne
1404;13,6;-44,9;5,78;0,68;Pozitivno;Ne
1405;13,9;-31,8;6,69;1,21;Negativno;Ne
1406;0,4;-53,4;6,88;3,78;Negativno;Ne
1407;13,7;-60,1;7,74;4,17;Negativno;Ne
1408;5,1;-41,4;6,56;0,45;Negativno;Ne
1409;2,4;-47,4;7,58;1,86;Negativno;Ne
1410;7,5;-36,7;7,3;0,24;Negativno;Ne
1411;1,4;-22,2;7,11;4,82;Negativno;Ne
1412;5,2;-63,3;7,41;4,86;Negativno;Ne
1413;10,3;-47,5;7,12;2,7;Negativno;Ne
1414;7,7;-25,3;6,83;2,33;Negativno;Ne
1415;10,5;-33,6;6,66;2,28;Negativno;Ne
1416;12,2;-42,9;6,73;5,94;Negativno;Ne
1417;14,0;-46,0;8,1;1,62;Negativno;Ne
1418;3,2;-51,7;7,26;1,39;Negativno;Ne
1419;13,6;-51,8;6,04;0,37;Negativno;Ne
1420;2,8;-53,5;8,15;0,61;Negativno;Ne
1421;4,4;-60,1;6,77;0,21;Negativno;Da
1422;5,4;-45,7;7,15;4,97;Negativno;Ne
1423;6,7;-63,8;6,59;0,56;Negativno;Ne
1424;0,8;-22,0;7,23;2,26;Negativno;Ne
1425;0,2;-62,4;7,76;4,04;Negativno;Ne
1426;5,0;-32,2;6,59;2,92;Negativno;Ne
1427;5,4;-17,6;7,1;5,83;Negativno;Ne
1428;11,4;-44,7;6,49;1,7;Negativno;Ne
1429;2,6;-55,0;6,19;1,08;Negativno;Ne
1430;2,4;-47,1;7,01;1,49;Negativno;Ne
1431;12,9;-76,1;5,7;0,9;Negativno;Ne
1432;4,2;-39,8;5,99;2,72;Negativno;Da
1433;4,8;-38,0;7,59;5,93;Negativno;Ne
1434;7,8;-67,6;6,89;0,9;Negativno;Ne
1435;5,1;-19,1;6,99;9,305428563709143;Pozitivno;Da
1436;9,1;-41,7;6,17;2,16;Negativno;Ne
1437;12,0;-62,4;6,96;0,27;Negativno;Ne
1438;8,8;-48,3;6,91;4,76;Negativno;Ne
1439;1,1;-42,9;6,46;2,01;Negativno;Ne
1440;6,0;-70,4;6,82;5,93;Negativno;Ne
1441;0,5;-56,4;7,16;1,63;Negativno;Ne
1442;6,8;-50,8;7,39;5,95;Negativno;Ne
1443;13,1;-34,1;6,8;2,72;Negativno;Ne
1444;6,4;-31,5;6,88;2,81;Negativno;Ne
1445;2,4;-76,3;7,08;2,41;Negativno;Ne
1446;8,5;-55,1;7,94;0,25;Negativno;Ne
1447;10,6;-63,7;7,03;0,1;Pozitivno;Ne
1448;4,1;-43,4;7,11;1,99;Negativno;Ne
1449;11,9;-43,2;6,32;5,89;Negativno;Ne
1450;8,0;-52,4;7,31;5,9;Negativno;Ne
1451;8,6;-40,9;7,46;1,92;Negativno;Ne
1452;12,3;-68,3;6,92;5,21;Negativno;Da
1453;12,1;-67,4;6,37;0,13;Negativno;Da
1454;4,4;-65,3;6,9;3,11;Negativno;Ne
1455;2,8;-71,1;7,38;3,91;Negativno;Ne
1456;0,5;-52,2;7,49;3,32;Negativno;Ne
1457;8,2;-74,8;6,63;0,85;Negativno;Ne
1458;12,4;-56,6;7,31;1,07;Negativno;Ne
1459;12,2;-43,8;6,75;2,8;Negativno;Ne
1460;14,0;-74,6;6,28;4,23;Negativno;Da
1461;6,7;-27,5;6,57;4,1;Negativno;Ne
1462;0,5;-32,8;6,94;4,32;Negativno;Ne
1463;1,2;-62,5;7,64;4,43;Negativno;Ne
1464;7,6;-68,6;7,04;4,98;Negativno;Ne
1465;5,8;-58,8;6,64;3,18;Negativno;Ne
1466;14,3;-61,2;7,29;1,43;Pozitivno;Ne
1467;2,9;-56,6;6,73;5,53;Negativno;Ne
1468;0,1;-46,8;6,92;3,73;Negativno;Ne
1469;11,5;-49,0;7,66;4,07;Negativno;Ne
1470;5,2;-45,6;6,65;5,3;Negativno;Ne
1471;4,2;-71,6;7,32;2,67;Negativno;Ne
1472;11,8;-38,4;7,22;1,35;Negativno;Ne
1473;6,1;-39,2;6,92;3,33;Negativno;Ne
1474;11,9;-46,9;6,69;0,58;Negativno;Ne
1475;6,0;-61,2;7,24;3,13;Negativno;Ne
1476;6,0;-52,5;7,83;2,38;Negativno;Ne
1477;14,7;-58,6;6,41;2,64;Negativno;Ne
1478;11,5;-35,5;6,34;0,11;Negativno;Ne
1479;11,6;-43,1;7,61;5,67;Negativno;Ne
1480;6,5;-44,3;6,71;4,34;Negativno;Ne
1481;12,4;-57,7;6,83;1,88;Negativno;Ne
1482;11,4;-39,4;6,95;5,57;Pozitivno;Ne
1483;7,3;-24,5;5,71;1,54;Negativno;Ne
1484;6,7;-46,7;6,66;5,68;Negativno;Ne
1485;6,3;-38,3;6,24;1,31;Negativno;Ne
1486;10,6;-36,1;5,82;0,89;Negativno;Ne
1487;14,6;-29,1;7,0;3,64;Negativno;Ne
1488;9,1;-36,2;7,03;5,04;Negativno;Ne
1489;3,0;-33,2;6,89;0,29;Negativno;Ne
1490;11,5;-51,4;6,45;4,75;Negativno;Ne
1491;2,0;-13,0;6,48;2,0;Negativno;Ne
1492;9,5;-81,0;7,82;5,09;Negativno;Ne
1493;8,5;-48,8;7,66;5,48;Negativno;Ne
1494;11,6;-54,7;6,0;2,68;Negativno;Ne
1495;14,3;-66,8;6,3;1,71;Negativno;Ne
1496;7,9;-54,9;6,98;3,14;Negativno;Ne
1497;5,8;-69,3;5,82;4,39;Negativno;Ne
1498;0,8;-48,8;7,45;2,1;Negativno;Da
1499;8,3;-48,9;7,15;4,94;Negativno;Ne
1500;1,5;-85,5;7,3;1,06;Negativno;Ne
1501;1,4;-58,1;6,67;2,4;Pozitivno;Ne
1502;1,6;-17,4;6,41;3,65;Negativno;Ne
1503;8,9;-51,1;6,74;3,88;Negativno;Ne
1504;10,2;-66,3;7,4;5,01;Negativno;Ne
1505;0,8;-42,4;7,86;5,85;Negativno;Ne
1506;14,8;-52,9;6,45;1,94;Negativno;Ne
1507;9,4;-68,7;7,59;2,7;Negativno;Ne
1508;7,3;-44,9;7,6;1,1;Negativno;Ne
1509;12,5;-53,8;7,62;5,35;Negativno;Ne
1510;3,6;-32,7;7,57;1,73;Negativno;Ne
1511;6,7;-23,7;6,74;2,25;Negativno;Ne
1512;9,0;-59,8;6,21;3,4;Negativno;Ne
1513;13,3;-83,1;6,3;0,66;Negativno;Ne
1514;0,8;-76,7;6,96;1,34;Negativno;Ne
1515;11,5;-23,6;7,29;3,03;Negativno;Ne
1516;5,8;-46,8;6,01;3,9;Negativno;Ne
1517;14,1;-45,9;6,31;5,2;Negativno;Ne
1518;8,4;-72,4;7,07;3,76;Negativno;Ne
1519;5,2;-18,2;6,92;5,9;Pozitivno;Ne
1520;0,7;-69,2;7,21;2,34;Negativno;Ne
1521;7,6;-76,7;6,86;4,38;Negativno;Da
1522;10,3;-79,0;6,56;3,12;Negativno;Ne
1523;9,0;-34,2;6,44;2,44;Negativno;Ne
1524;1,0;-38,6;6,84;2,01;Pozitivno;Ne
1525;1,8;-26,9;6,76;4,85;Negativno;Ne
1526;6,1;-43,0;7,19;2,02;Negativno;Ne
1527;5,3;-53,7;6,65;4,64;Negativno;Ne
1528;3,0;-27,2;7,53;1,49;Negativno;Ne
1529;12,1;-37,0;6,33;2,42;Negativno;Ne
1530;13,0;-43,1;7,46;1,21;Negativno;Da
1531;14,8;-17,0;6,52;0,91;Negativno;Ne
1532;7,9;-52,7;7,4;0,39;Negativno;Ne
1533;5,7;-57,7;6,66;3,33;Negativno;Ne
1534;6,7;-27,5;6,81;1,22;Negativno;Ne
1535;3,2;-61,6;7,2;5,92;Negativno;Ne
1536;4,1;-28,2;7,5;1,29;Negativno;Ne
1537;0,3;-54,5;7,21;3,49;Negativno;Ne
1538;5,9;-59,0;6,32;3,73;Negativno;Ne
1539;10,2;-56,7;7,34;0,22;Negativno;Ne
1540;13,9;-71,7;6,96;3,53;Negativno;Da
1541;14,2;-40,0;7,71;5,89;Negativno;Ne
1542;1,7;-54,7;6,94;4,28;Negativno;Ne
1543;14,7;-81,0;7,52;4,27;Negativno;Ne
1544;1,5;-69,5;7,76;5,01;Negativno;Ne
1545;3,7;-54,7;6,39;1,96;Negativno;Ne
1546;11,7;-67,5;7,43;2,06;Negativno;Ne
1547;7,5;-38,1;7,82;1,99;Negativno;Ne
1548;12,6;-44,4;7,12;2,64;Negativno;Ne
1549;5,6;-46,7;7,7;3,35;Negativno;Ne
1550;9,4;-55,9;6,77;5,18;Negativno;Da
1551;10,2;-50,7;7,16;0,14;Negativno;Ne
1552;2,0;-67,5;6,6;2,66;Negativno;Ne
1553;4,4;-37,6;6,03;2,86;Pozitivno;Ne
1554;1,8;-55,4;5,91;4,68;Negativno;Ne
1555;7,9;-39,5;6,93;3,05;Negativno;Ne
1556;4,4;-38,5;7,15;1,84;Negativno;Ne
1557;6,7;-54,2;6,86;5,49;Negativno;Ne
1558;14,6;-24,0;7,08;3,88;Negativno;Ne
1559;2,9;-64,0;7,75;0,86;Negativno;Ne
1560;12,9;-53,3;6,68;4,25;Negativno;Ne
1561;14,7;-35,8;7,43;4,66;Negativno;Ne
1562;14,4;-61,0;7,03;3,19;Negativno;Ne
1563;4,2;-30,5;6,94;1,0;Negativno;Ne
1564;6,2;-54,1;7,02;3,59;Negativno;Ne
1565;5,3;-51,6;6,89;0,5;Negativno;Ne
1566;7,5;-55,8;6,66;5,83;Negativno;Ne
1567;8,9;-15,8;6,67;10,235428563709142;Pozitivno;Da
1568;7,2;-30,1;6,81;1,92;Negativno;Ne
1569;7,3;-55,3;6,7;1,36;Pozitivno;Ne
1570;14,4;-47,3;7,64;0,49;Pozitivno;Ne
1571;7,7;-14,2;6,78;7,45820723934489;Pozitivno;Da
1572;6,4;-30,3;7,24;4,59;Negativno;Ne
1573;1,1;-54,4;7,01;0,35;Negativno;Ne
1574;14,5;-47,8;6,45;1,53;Negativno;Ne
1575;2,3;-14,0;7,32;5,52;Negativno;Ne
1576;2,9;-78,9;7,08;3,63;Negativno;Ne
1577;3,1;-91,9;7,23;0,44;Negativno;Ne
1578;6,8;-73,7;7,03;4,92;Negativno;Ne
1579;10,8;-55,0;7,43;5,0;Negativno;Da
1580;4,4;-51,3;6,86;3,55;Negativno;Ne
1581;5,1;-41,2;7,6;5,92;Negativno;Ne
1582;7,7;-51,6;6,61;3,59;Negativno;Ne
1583;0,7;-53,6;6,17;5,23;Negativno;Ne
1584;13,7;-55,6;7,17;1,06;Negativno;Ne
1585;3,8;-56,6;6,86;4,94;Negativno;Ne
1586;6,8;-64,5;6,62;5,74;Negativno;Ne
1587;6,8;-52,9;6,01;2,42;Negativno;Ne
1588;8,3;-39,3;7,03;0,89;Negativno;Ne
1589;8,0;-25,8;7,13;1,69;Negativno;Ne
1590;9,6;-52,1;7,54;5,91;Negativno;Ne
1591;1,8;-45,0;6,24;5,21;Negativno;Ne
1592;14,4;-50,6;6,45;3,23;Negativno;Ne
1593;9,6;-73,1;6,21;2,34;Negativno;Ne
1594;9,8;-50,3;7,09;5,26;Negativno;Ne
1595;10,7;-32,0;7,09;5,86;Negativno;Ne
1596;2,3;-39,0;7,45;0,15;Negativno;Ne
1597;4,8;-35,9;7,02;2,95;Negativno;Ne
1598;10,9;-42,7;5,88;4,31;Negativno;Ne
1599;2,0;-47,4;7,09;1,38;Negativno;Ne
1600;4,1;-101,5;7,06;1,31;Pozitivno;Ne
1601;4,7;-6,9;7,85;5,448207239344891;Pozitivno;Da
1602;5,1;-40,9;6,0;2,5;Negativno;Ne
1603;14,3;-22,4;7,65;2,32;Negativno;Ne
1604;3,9;-39,6;6,99;3,1;Negativno;Ne
1605;9,2;-59,5;7,06;0,67;Negativno;Ne
1606;4,4;-66,1;8,32;2,52;Negativno;Ne
1607;9,4;-28,1;7,17;0,77;Negativno;Ne
1608;14,1;-67,2;7,15;5,91;Pozitivno;Ne
1609;9,2;-61,9;7,0;5,01;Negativno;Da
1610;3,0;-48,3;6,15;5,72;Negativno;Ne
1611;14,7;-21,9;6,88;2,41;Negativno;Ne
1612;2,8;-57,2;7,04;5,68;Negativno;Ne
1613;8,5;-60,8;6,48;5,73;Negativno;Ne
1614;12,0;-47,0;7,23;2,1;Negativno;Ne
1615;3,1;-53,1;7,55;2,32;Negativno;Ne
1616;10,7;-60,4;7,77;1,07;Negativno;Ne
1617;14,7;-39,4;6,6;3,43;Pozitivno;Ne
1618;13,9;-70,4;6,67;2,51;Negativno;Ne
1619;12,8;-54,6;7,29;3,11;Negativno;Ne
1620;10,6;-53,5;6,91;0,98;Negativno;Ne
1621;12,7;-47,6;7,05;3,3;Negativno;Ne
1622;13,6;-59,5;6,62;4,53;Negativno;Ne
1623;10,4;-56,2;8,09;2,73;Negativno;Ne
1624;4,6;-60,7;7,18;1,03;Negativno;Ne
1625;9,7;-49,5;7,51;1,12;Negativno;Ne
1626;1,9;-51,0;7,57;2,63;Negativno;Ne
1627;10,7;-66,7;6,79;2,0;Negativno;Da
1628;12,7;-37,8;7,06;1,45;Negativno;Ne
1629;3,2;-56,0;7,08;0,92;Pozitivno;Ne
1630;10,8;-55,5;7,6;3,73;Negativno;Ne
1631;11,4;-49,8;7,09;4,18;Negativno;Ne
1632;10,7;-51,9;6,93;4,3;Negativno;Ne
1633;13,1;-44,5;7,07;4,73;Negativno;Ne
1634;13,5;-43,8;6,98;1,51;Negativno;Ne
1635;2,9;-39,3;6,69;4,59;Negativno;Ne
1636;3,9;-76,6;7,66;2,84;Negativno;Ne
1637;7,6;-69,3;6,99;3,1;Negativno;Ne
1638;3,0;-43,6;7,09;0,57;Negativno;Ne
1639;7,8;-44,0;6,13;1,04;Negativno;Ne
1640;4,4;-54,2;7,03;2,16;Negativno;Ne
1641;7,4;-42,2;7,13;1,08;Negativno;Ne
1642;1,6;-65,3;7,01;2,26;Negativno;Ne
1643;10,6;-49,5;7,47;4,2;Negativno;Ne
1644;2,8;-83,7;6,35;5,62;Negativno;Ne
1645;0,9;-55,4;6,45;2,2;Negativno;Ne
1646;14,3;-58,5;7,7;4,42;Negativno;Ne
1647;9,7;-54,4;7,86;1,41;Negativno;Ne
1648;7,4;-37,1;7,53;2,12;Negativno;Ne
1649;7,9;-56,7;7,96;3,9;Negativno;Ne
1650;6,4;-60,0;6,29;5,14;Negativno;Ne
1651;2,9;-35,1;6,92;5,83;Negativno;Da
1652;10,1;-45,1;7,16;5,55;Negativno;Ne
1653;4,9;-63,0;7,69;2,65;Negativno;Ne
1654;9,4;-29,0;6,54;4,12;Negativno;Ne
1655;13,5;-96,3;6,89;1,5;Negativno;Ne
1656;3,4;-56,3;7,59;1,44;Negativno;Ne
1657;11,1;-85,4;6,79;2,23;Negativno;Ne
1658;3,4;-56,2;7,45;3,9;Negativno;Ne
1659;7,9;-46,2;6,33;4,11;Pozitivno;Ne
1660;11,2;-37,3;7,55;2,11;Negativno;Ne
1661;13,9;-14,2;6,26;9,085428563709144;Pozitivno;Da
1662;13,9;-40,0;6,62;4,43;Negativno;Ne
1663;0,9;-44,1;6,51;1,32;Negativno;Ne
1664;6,7;-69,6;6,7;4,8;Negativno;Ne
1665;6,4;-23,5;7,35;4,85;Negativno;Ne
1666;9,6;-55,0;6,56;2,34;Negativno;Ne
1667;1,3;-61,1;7,76;4,24;Negativno;Ne
1668;10,4;-29,6;6,08;4,98;Negativno;Ne
1669;6,7;-14,2;6,92;1,6;Negativno;Ne
1670;5,8;-60,0;7,23;1,04;Negativno;Ne
1671;9,1;-61,2;6,45;4,5;Negativno;Ne
1672;9,6;-66,6;6,73;3,5;Negativno;Ne
1673;8,7;-32,8;6,78;3,96;Negativno;Ne
1674;11,0;-83,6;6,91;1,01;Negativno;Ne
1675;13,5;-47,0;7,35;1,69;Negativno;Ne
1676;1,1;-59,6;7,24;3,63;Negativno;Da
1677;2,8;-53,7;7,18;3,84;Negativno;Ne
1678;4,6;-29,3;6,6;4,22;Negativno;Da
1679;2,5;-62,5;7,21;2,88;Negativno;Ne
1680;9,2;-60,8;7,66;1,19;Negativno;Ne
1681;11,7;-43,0;6,32;5,78;Negativno;Ne
1682;10,1;-34,3;6,93;3,15;Negativno;Ne
1683;7,1;-22,7;7,01;4,26;Negativno;Ne
1684;11,8;-59,0;6,46;4,79;Negativno;Ne
1685;11,6;-54,7;6,93;0,4;Negativno;Ne
1686;2,2;-32,7;6,68;3,04;Negativno;Ne
1687;5,4;-54,8;7,06;1,53;Negativno;Ne
1688;4,9;-49,4;7,9;3,25;Negativno;Ne
1689;1,4;-48,4;7,34;5,46;Negativno;Ne
1690;6,1;-66,1;6,32;1,71;Negativno;Ne
1691;2,5;-45,3;7,34;1,74;Negativno;Ne
1692;6,3;-5,4;6,93;9,375428563709143;Pozitivno;Da
1693;12,2;-29,5;7,73;4,98;Pozitivno;Ne
1694;12,2;-44,1;7,01;3,86;Pozitivno;Ne
1695;0,3;-44,7;7,19;0,14;Negativno;Ne
1696;5,9;-52,3;6,96;4,58;Negativno;Ne
1697;12,7;-47,4;7,31;0,18;Pozitivno;Ne
1698;14,5;-64,5;6,74;5,35;Negativno;Ne
1699;7,3;-48,3;7,59;0,81;Negativno;Ne
1700;1,2;-42,7;7,21;4,0;Negativno;Ne
1701;7,4;-37,4;6,52;4,43;Negativno;Ne
1702;3,8;-47,8;7,18;3,63;Negativno;Ne
1703;8,7;-62,6;6,47;2,48;Negativno;Ne
1704;9,5;-38,6;6,93;5,51;Negativno;Ne
1705;0,8;-22,8;7,33;1,68;Negativno;Ne
1706;0,4;-55,8;6,38;3,49;Negativno;Ne
1707;6,3;-66,0;6,83;0,97;Negativno;Ne
1708;13,9;-43,4;6,46;5,71;Negativno;Ne
1709;11,6;-31,5;7,62;0,87;Negativno;Ne
1710;10,5;-34,1;7,22;0,19;Negativno;Ne
1711;7,9;-38,0;7,28;1,2;Negativno;Ne
1712;2,0;-58,8;7,2;5,59;Negativno;Ne
1713;0,2;-55,8;6,34;0,94;Negativno;Ne
1714;7,0;-45,7;6,65;3,96;Negativno;Ne
1715;5,1;-36,9;7,23;5,07;Negativno;Ne
1716;9,1;-58,9;7,34;1,17;Negativno;Ne
1717;3,1;-52,2;7,44;5,97;Negativno;Ne
1718;5,8;-55,8;6,08;3,67;Negativno;Ne
1719;6,3;-48,8;6,95;0,73;Negativno;Ne
1720;3,7;-60,6;7,03;5,87;Negativno;Ne
1721;2,6;-39,9;7,19;0,41;Negativno;Ne
1722;10,6;-84,4;7,17;0,19;Negativno;Ne
1723;12,6;-50,8;6,94;4,94;Negativno;Ne
1724;6,4;-29,9;6,88;4,63;Negativno;Ne
1725;12,5;-29,1;6,57;1,59;Negativno;Ne
1726;9,4;-43,7;6,54;1,88;Pozitivno;Ne
1727;10,1;-41,6;6,3;2,41;Negativno;Ne
1728;2,6;-62,3;6,77;2,99;Pozitivno;Ne
1729;10,3;-81,8;7,32;5,54;Negativno;Ne
1730;14,7;-47,3;6,71;1,51;Negativno;Ne
1731;14,9;-44,1;6,38;0,64;Negativno;Ne
1732;10,6;-57,6;6,15;2,89;Negativno;Ne
1733;10,1;-22,2;6,88;5,54;Negativno;Ne
1734;6,6;-81,7;7,03;0,77;Negativno;Ne
1735;1,6;-52,2;8,19;0,7;Negativno;Ne
1736;13,4;-60,0;7,62;4,74;Negativno;Ne
1737;7,6;-68,2;7,22;4,32;Negativno;Ne
1738;6,5;-44,2;6,64;1,41;Negativno;Ne
1739;1,3;-41,9;7,3;2,44;Negativno;Ne
1740;10,7;-51,9;6,8;0,48;Negativno;Ne
1741;5,8;-25,6;7,57;4,03;Negativno;Ne
1742;1,2;-51,4;7,29;4,52;Negativno;Ne
1743;14,1;-63,8;6,72;2,39;Negativno;Ne
1744;12,7;-31,2;6,51;5,9;Negativno;Ne
1745;3,2;-57,6;7,27;3,37;Negativno;Ne
1746;1,3;-44,2;7,31;5,51;Negativno;Ne
1747;6,5;-45,0;6,85;0,81;Negativno;Ne
1748;3,3;-77,1;6,99;5,57;Negativno;Ne
1749;9,7;-64,4;6,89;5,7;Negativno;Ne
1750;3,4;-48,0;7,6;1,16;Negativno;Ne
1751;11,9;-49,5;6,7;0,84;Negativno;Ne
1752;2,6;-47,7;5,74;2,32;Negativno;Ne
1753;1,9;-42,9;7,22;5,55;Negativno;Ne
1754;2,3;-79,5;6,22;0,65;Negativno;Ne
1755;10,3;-35,3;7,31;1,02;Negativno;Ne
1756;1,0;-55,6;6,37;1,14;Negativno;Ne
1757;13,3;-43,4;6,65;4,82;Negativno;Ne
1758;13,2;-33,2;6,59;1,85;Negativno;Ne
1759;9,5;-45,8;7,51;2,99;Negativno;Da
1760;9,6;-27,1;7,04;0,62;Negativno;Ne
1761;0,5;-62,7;5,83;1,28;Negativno;Ne
1762;5,0;150,0;-2,0;3,83;Pozitivno;Ne
1763;14,3;-41,7;6,93;3,55;Negativno;Ne
1764;0,7;-22,0;6,89;5,54;Negativno;Ne
1765;14,0;-44,5;7,05;5,1;Negativno;Ne
1766;10,8;-56,4;6,83;1,5;Negativno;Ne
1767;1,0;-46,3;7,89;5,32;Negativno;Ne
1768;14,9;-69,4;7,24;2,62;Negativno;Ne
1769;3,5;-41,6;7,68;3,88;Negativno;Ne
1770;9,1;-26,4;6,44;4,06;Negativno;Ne
1771;4,6;-51,1;6,89;4,42;Negativno;Ne
1772;13,3;-57,2;6,93;0,62;Negativno;Ne
1773;1,9;-37,0;7,05;0,17;Negativno;Ne
1774;8,1;-56,3;7,0;1,98;Negativno;Ne
1775;13,8;-65,2;7,77;1,51;Pozitivno;Ne
1776;4,3;-35,2;6,59;5,61;Negativno;Ne
1777;10,6;-85,8;7,83;0,84;Negativno;Ne
1778;0,2;-52,5;8,07;0,43;Negativno;Ne
1779;10,1;-59,4;6,8;2,15;Negativno;Ne
1780;8,3;-50,8;6,97;4,83;Negativno;Ne
1781;6,8;-42,2;7,55;0,19;Negativno;Ne
1782;12,6;-27,5;7,38;0,89;Negativno;Ne
1783;3,2;-29,9;6,75;2,36;Negativno;Ne
1784;13,1;-39,7;6,98;2,18;Negativno;Ne
1785;12,2;-55,8;7,49;5,28;Negativno;Ne
1786;14,9;-40,6;6,56;5,02;Negativno;Ne
1787;7,1;-47,6;6,65;5,24;Negativno;Ne
1788;10,0;-49,6;7,63;1,17;Negativno;Ne
1789;5,1;-34,9;7,12;3,39;Negativno;Ne
1790;2,5;-50,2;6,61;1,97;Negativno;Ne
1791;9,8;-66,0;6,22;1,97;Negativno;Ne
1792;7,1;-23,2;6,74;5,94;Pozitivno;Ne
1793;8,5;-50,8;6,66;2,3;Negativno;Ne
1794;13,1;-64,4;7,18;1,63;Negativno;Ne
1795;13,3;-32,1;7,44;2,47;Negativno;Ne
1796;7,5;-49,9;7,24;0,34;Negativno;Ne
1797;5,2;-30,0;6,72;4,11;Negativno;Ne
1798;6,3;-54,3;7,17;4,12;Negativno;Ne
1799;8,4;-53,4;7,02;4,47;Negativno;Ne
1800;4,5;-79,1;6,88;1,02;Negativno;Ne
1801;14,1;-62,0;7,76;2,27;Negativno;Ne
1802;0,8;-66,8;7,15;0,74;Negativno;Ne
1803;2,8;-74,4;8,32;5,55;Negativno;Ne
1804;8,9;-58,0;6,68;5,16;Negativno;Ne
1805;6,9;-52,8;7,02;0,12;Negativno;Ne
1806;3,4;-26,0;7,02;4,14;Negativno;Ne
1807;6,1;-52,0;7,03;0,14;Pozitivno;Ne
1808;13,4;-28,8;6,78;4,54;Negativno;Ne
1809;2,4;-25,8;7,24;2,72;Negativno;Ne
1810;8,6;-63,7;7,27;5,25;Negativno;Ne
1811;5,6;-29,3;6,62;3,51;Pozitivno;Ne
1812;12,0;-33,3;7,71;4,12;Negativno;Ne
1813;7,3;-67,2;7,22;0,42;Negativno;Ne
1814;10,1;-46,8;6,97;4,93;Negativno;Ne
1815;4,3;-54,8;6,9;0,82;Pozitivno;Ne
1816;6,3;-37,2;7,22;4,11;Negativno;Ne
1817;4,4;-42,6;7,23;2,76;Negativno;Ne
1818;7,0;-43,1;6,8;3,05;Negativno;Ne
1819;5,6;-80,4;6,46;5,29;Negativno;Da
1820;3,4;-62,8;6,97;0,14;Negativno;Ne
1821;10,8;-53,3;6,48;3,11;Negativno;Ne
1822;9,2;-34,5;7,41;3,18;Negativno;Ne
1823;10,3;-56,5;6,38;3,7;Negativno;Ne
1824;13,9;-51,0;6,47;1,28;Pozitivno;Da
1825;12,6;-39,6;7,21;5,76;Pozitivno;Ne
1826;1,8;-44,0;7,21;4,98;Negativno;Ne
1827;5,0;-46,6;6,74;5,98;Negativno;Ne
1828;12,9;-54,8;6,71;3,48;Negativno;Ne
1829;9,6;-37,1;6,86;4,76;Negativno;Ne
1830;0,2;-47,1;7,31;4,3;Negativno;Ne
1831;1,8;-64,8;6,65;4,67;Negativno;Ne
1832;10,3;-36,2;6,61;2,94;Negativno;Ne
1833;1,6;-46,3;6,44;2,6;Pozitivno;Ne
1834;4,9;-77,5;7,12;0,73;Negativno;Ne
1835;8,9;-21,2;6,74;1,77;Negativno;Ne
1836;13,8;-42,5;6,96;2,8;Negativno;Ne
1837;4,5;-52,2;6,46;3,93;Negativno;Ne
1838;2,5;-86,6;6,47;0,88;Negativno;Ne
1839;1,8;-32,2;7,25;5,96;Negativno;Ne
1840;2,2;-31,2;6,86;1,72;Negativno;Ne
1841;4,4;-28,0;6,69;4,47;Negativno;Ne
1842;7,9;-41,8;6,0;1,03;Negativno;Ne
1843;8,1;-51,0;7,4;4,72;Negativno;Ne
1844;3,1;-74,5;7,87;5,78;Negativno;Ne
1845;2,8;-47,6;7,33;5,39;Negativno;Ne
1846;11,0;-77,5;7,31;3,47;Pozitivno;Ne
1847;7,2;-49,2;7,47;0,85;Negativno;Ne
1848;14,1;-53,2;6,88;0,81;Negativno;Ne
1849;8,4;-32,8;6,71;2,05;Negativno;Ne
1850;14,1;-43,9;6,98;5,81;Negativno;Ne
1851;6,8;-66,7;8,22;5,65;Negativno;Ne
1852;2,8;-38,7;6,15;2,62;Negativno;Da
1853;11,3;-52,0;7,58;4,45;Negativno;Ne
1854;11,3;-61,9;6,74;0,43;Negativno;Ne
1855;10,0;-60,8;6,91;2,56;Pozitivno;Ne
1856;10,8;-59,7;5,97;4,74;Negativno;Ne
1857;8,1;-42,5;7,53;4,87;Negativno;Ne
1858;0,2;-21,4;6,62;1,02;Negativno;Ne
1859;8,2;-69,4;7,41;4,23;Negativno;Ne
1860;1,8;-73,7;8,09;1,1;Negativno;Ne
1861;1,2;-46,7;7,22;4,14;Negativno;Ne
1862;0,2;-77,2;7,08;1,12;Negativno;Da
1863;10,7;-78,6;7,31;3,1;Negativno;Ne
1864;6,7;-34,0;6,88;0,78;Negativno;Ne
1865;1,8;-47,1;7,36;4,9;Pozitivno;Ne
1866;2,0;-77,9;7,38;2,32;Negativno;Da
1867;8,7;-56,1;6,91;3,67;Negativno;Ne
1868;1,2;-70,3;7,65;5,08;Negativno;Da
1869;1,9;-48,6;6,98;4,56;Negativno;Ne
1870;11,8;-38,4;7,22;5,74;Negativno;Ne
1871;5,6;-66,4;7,51;3,32;Negativno;Ne
1872;3,2;-35,3;7,07;1,47;Negativno;Ne
1873;14,6;-71,2;6,91;2,6;Negativno;Ne
1874;7,4;-27,0;6,86;2,72;Negativno;Ne
1875;3,8;-39,4;6,77;4,5;Negativno;Ne
1876;2,4;-73,7;7,32;5,52;Negativno;Ne
1877;13,3;-57,2;7,1;5,18;Negativno;Ne
1878;3,0;-43,7;7,8;4,81;Negativno;Ne
1879;8,8;-42,8;7,45;2,02;Negativno;Ne
1880;5,0;-56,8;6,6;2,24;Negativno;Ne
1881;9,3;-56,8;6,82;1,43;Negativno;Ne
1882;0,6;-59,7;6,91;4,64;Negativno;Ne
1883;11,0;-60,4;6,43;1,2;Pozitivno;Ne
1884;7,3;-52,1;6,4;4,11;Negativno;Ne
1885;12,1;-79,2;6,58;3,82;Negativno;Ne
1886;0,6;-17,5;6,54;4,02;Negativno;Ne
1887;10,5;-53,6;7,23;3,63;Negativno;Ne
1888;3,1;-68,7;6,45;5,03;Negativno;Ne
1889;10,5;-23,9;7,46;3,34;Pozitivno;Ne
1890;11,1;-30,4;6,92;4,11;Negativno;Ne
1891;5,9;-54,0;6,12;1,85;Pozitivno;Ne
1892;3,3;-51,1;7,14;0,7;Negativno;Ne
1893;11,1;-56,4;7,62;4,3;Negativno;Ne
1894;13,8;-56,4;6,65;5,45;Negativno;Ne
1895;4,1;-54,5;7,11;3,89;Negativno;Ne
1896;12,6;-43,5;7,07;2,71;Negativno;Ne
1897;8,7;-44,3;6,35;4,15;Negativno;Ne
1898;7,7;-59,8;7,54;5,99;Negativno;Ne
1899;4,8;-44,2;6,68;0,83;Pozitivno;Ne
1900;5,0;-59,0;6,74;1,9;Negativno;Ne
1901;0,6;-81,6;6,79;5,29;Negativno;Ne
1902;13,0;-61,0;8,29;3,34;Negativno;Ne
1903;9,4;-56,5;7,78;4,18;Negativno;Ne
1904;2,9;-72,2;8,47;5,94;Negativno;Ne
1905;8,9;-69,7;6,4;3,35;Negativno;Ne
1906;11,7;-43,5;6,38;2,16;Negativno;Ne
1907;3,1;-61,1;5,94;3,9;Negativno;Ne
1908;11,6;-41,5;7,52;5,21;Negativno;Ne
1909;9,3;-59,0;7,02;1,48;Negativno;Ne
1910;8,2;-57,5;6,96;4,66;Negativno;Ne
1911;8,2;-58,3;6,51;4,62;Negativno;Ne
1912;11,0;-60,9;7,21;4,32;Negativno;Ne
1913;13,9;-57,8;6,76;1,68;Negativno;Ne
1914;2,3;-56,7;6,5;0,58;Negativno;Ne
1915;7,8;-61,5;7,44;4,97;Negativno;Ne
1916;7,8;-35,9;6,51;3,7;Negativno;Ne
1917;11,1;-79,4;7,09;4,11;Negativno;Ne
1918;1,1;-48,2;6,07;1,13;Negativno;Ne
1919;4,7;-43,7;6,77;4,68;Negativno;Ne
1920;7,3;-63,7;7,74;3,51;Negativno;Ne
1921;5,4;-71,5;7,48;2,73;Negativno;Ne
1922;0,6;-45,8;5,73;5,83;Negativno;Ne
1923;3,9;-57,1;6,89;5,12;Negativno;Ne
1924;10,4;-45,5;6,75;3,87;Negativno;Ne
1925;12,0;-62,7;6,66;5,74;Negativno;Ne
1926;2,7;-41,1;7,07;5,62;Pozitivno;Ne
1927;4,0;-45,8;7,33;0,8;Negativno;Ne
1928;14,7;-30,3;7,36;1,23;Negativno;Ne
1929;1,1;-33,0;6,74;1,66;Negativno;Ne
1930;6,8;-69,9;6,72;1,78;Negativno;Ne
1931;5,7;-45,1;7,21;0,27;Negativno;Ne
1932;1,7;-43,0;6,9;0,44;Negativno;Ne
1933;3,3;-42,6;8,15;4,61;Negativno;Ne
1934;3,8;-12,2;6,26;5,2;Negativno;Ne
1935;4,3;-47,5;6,03;1,31;Negativno;Ne
1936;12,6;-29,5;6,94;2,43;Negativno;Ne
1937;13,9;-69,5;7,78;2,12;Negativno;Ne
1938;0,8;-78,6;6,34;2,73;Negativno;Ne
1939;0,7;-68,1;7,36;3,07;Negativno;Ne
1940;10,2;-47,0;5,41;5,83;Negativno;Ne
1941;11,0;-48,3;6,81;0,64;Negativno;Ne
1942;8,2;-68,0;8,11;0,88;Negativno;Ne
1943;6,2;-43,2;7,17;5,16;Negativno;Ne
1944;9,2;-11,0;6,69;1,8;Negativno;Ne
1945;6,1;-47,6;6,72;3,14;Negativno;Ne
1946;6,9;-30,7;6,79;1,35;Negativno;Ne
1947;10,9;-35,5;7,28;2,26;Negativno;Ne
1948;3,1;-44,4;7,35;1,67;Negativno;Ne
1949;9,6;-43,5;6,61;4,13;Negativno;Ne
1950;0,9;-50,7;7,2;5,84;Negativno;Ne
1951;6,8;-40,4;7,94;3,49;Negativno;Ne
1952;2,3;-32,5;6,86;4,21;Negativno;Da
1953;5,2;-55,8;6,58;1,25;Pozitivno;Ne
1954;12,9;-39,4;6,66;5,33;Negativno;Ne
1955;4,2;-49,6;6,82;0,57;Negativno;Da
1956;5,7;-41,4;7,35;0,94;Negativno;Ne
1957;7,8;-68,1;7,68;4,72;Negativno;Da
1958;12,1;-39,4;6,72;3,27;Pozitivno;Da
1959;2,5;-37,9;6,79;0,67;Negativno;Ne
1960;1,1;150,0;-2,0;3,26;Pozitivno;Ne
1961;4,6;-58,6;7,25;4,4;Negativno;Ne
1962;0,9;-56,0;6,66;3,45;Negativno;Da
1963;14,3;-13,3;8,05;10,655428563709144;Pozitivno;Da
1964;10,8;-29,0;7,51;2,55;Negativno;Ne
1965;10,5;-53,6;7,58;4,87;Pozitivno;Ne
1966;9,2;-50,2;5,75;1,59;Negativno;Ne
1967;0,5;-38,6;7,24;4,15;Negativno;Ne
1968;2,5;-38,7;6,57;5,17;Negativno;Ne
1969;9,5;-86,2;6,6;2,04;Negativno;Ne
1970;11,1;-54,0;7,3;4,03;Negativno;Ne
1971;13,8;-46,1;7,06;5,98;Negativno;Ne
1972;3,3;-37,9;6,04;4,63;Negativno;Ne
1973;8,5;-60,0;6,91;3,15;Negativno;Ne
1974;10,1;-50,2;6,11;5,41;Negativno;Da
1975;4,0;-36,9;7,32;4,84;Negativno;Ne
1976;13,7;-44,1;6,31;0,7;Negativno;Ne
1977;8,8;-36,6;7,34;3,33;Negativno;Ne
1978;8,8;-39,9;7,58;1,03;Negativno;Ne
1979;10,9;-47,5;6,66;1,63;Negativno;Ne
1980;13,3;-36,2;6,92;3,17;Negativno;Ne
1981;1,8;-67,8;7,49;2,01;Negativno;Ne
1982;9,0;-40,8;7,14;2,17;Negativno;Ne
1983;7,2;-31,2;6,39;1,95;Negativno;Ne
1984;14,6;-74,8;6,53;5,1;Pozitivno;Ne
1985;1,0;-35,7;6,65;3,85;Negativno;Ne
1986;5,4;-30,6;6,59;0,23;Negativno;Ne
1987;2,5;-20,4;7,23;1,58;Negativno;Ne
1988;2,2;-61,7;6,4;0,64;Negativno;Ne
1989;1,9;-59,1;6,41;0,23;Negativno;Ne
1990;1,8;-65,6;7,45;0,86;Negativno;Ne
1991;14,4;-12,1;7,86;4,508207239344891;Pozitivno;Da
1992;1,8;-63,4;7,26;4,11;Negativno;Ne
1993;2,8;-26,0;7,18;0,49;Pozitivno;Ne
1994;8,5;-47,3;6,39;3,89;Negativno;Ne
1995;10,2;-37,3;6,57;4,22;Negativno;Ne
1996;5,5;-33,4;5,8;4,78;Negativno;Ne
1997;7,8;-46,1;7,51;4,98;Negativno;Ne
1998;10,5;-32,1;6,57;1,16;Negativno;Ne
1999;11,9;-55,0;7,6;3,39;Negativno;Ne
2000;1,2;-36,0;6,36;3,07;Negativno;Ne
